sepal_length,sepal_width,petal_length,petal_width,y_actual,y_pred,MinSub,MinSubTime,MinSubCount,MinSubRnd1,MinSubRnd1Time,MinSubRnd1Count,MinSubRnd3,MinSubRnd3Time,MinSubRnd3Count,MinSubRnd5,MinSubRnd5Time,MinSubRnd5Count,MinCard,MinCardTime,MinCardCount
0.31099753413870407,-0.587763531435416,0.5352958268854958,0.001752972933591456,1,1,"{1: 1*x_1_0 + 0.587763531435416 = 0, 2: 1*x_2_0 + -0.5352958268854958 = 0, 3: 1*x_3_0 + -0.001752972933591456 = 0}",0.09655995199999978,3,"{2: 1*x_2_0 + -0.5352958268854958 = 0, 3: 1*x_3_0 + -0.001752972933591456 = 0, 1: 1*x_1_0 + 0.587763531435416 = 0}",0.09936191399999927,3,"{3: 1*x_3_0 + -0.001752972933591456 = 0, 2: 1*x_2_0 + -0.5352958268854958 = 0, 1: 1*x_1_0 + 0.587763531435416 = 0}",0.3101509259999986,3,"{3: 1*x_3_0 + -0.001752972933591456 = 0, 2: 1*x_2_0 + -0.5352958268854958 = 0, 0: 1*x_0_0 + -0.31099753413870407 = 0}",0.5141867020000035,3,"{1: 1*x_1_0 + 0.587763531435416 = 0, 2: 1*x_2_0 + -0.5352958268854958 = 0, 3: 1*x_3_0 + -0.001752972933591456 = 0}",0.411537543999998,3
-0.1736739476359004,1.7262661198851155,-1.1706752927920747,-1.1815037572407716,0,0,"{1: 1*x_1_0 + -1.7262661198851155 = 0, 3: 1*x_3_0 + 1.1815037572407716 = 0}",0.08281236900000088,2,"{3: 1*x_3_0 + 1.1815037572407716 = 0, 1: 1*x_1_0 + -1.7262661198851155 = 0}",0.08138563699999679,2,"{1: 1*x_1_0 + -1.7262661198851155 = 0, 3: 1*x_3_0 + 1.1815037572407716 = 0}",0.2549907899999937,2,"{1: 1*x_1_0 + -1.7262661198851155 = 0, 3: 1*x_3_0 + 1.1815037572407716 = 0}",0.42594551300000205,2,"{1: 1*x_1_0 + -1.7262661198851155 = 0, 3: 1*x_3_0 + 1.1815037572407716 = 0}",0.16711538199999154,2
2.2496834612371255,-1.0505694616995218,1.7863413146490474,1.4479556431467018,2,2,"{1: 1*x_1_0 + 1.0505694616995218 = 0, 2: 1*x_2_0 + -1.7863413146490474 = 0, 3: 1*x_3_0 + -1.4479556431467018 = 0}",0.08861267300000009,3,"{0: 1*x_0_0 + -2.2496834612371255 = 0, 1: 1*x_1_0 + 1.0505694616995218 = 0}",0.07574992199999997,2,"{1: 1*x_1_0 + 1.0505694616995218 = 0, 0: 1*x_0_0 + -2.2496834612371255 = 0}",0.2650497970000032,2,"{1: 1*x_1_0 + 1.0505694616995218 = 0, 0: 1*x_0_0 + -2.2496834612371255 = 0}",0.44421696899999574,2,"{0: 1*x_0_0 + -2.2496834612371255 = 0, 1: 1*x_1_0 + 1.0505694616995218 = 0}",0.24763038100002177,2
0.18982966369505322,-0.3563605663033627,0.421564418906991,0.3961718829917126,1,1,"{2: 1*x_2_0 + -0.421564418906991 = 0, 3: 1*x_3_0 + -0.3961718829917126 = 0}",0.200949786999999,2,"{2: 1*x_2_0 + -0.421564418906991 = 0, 3: 1*x_3_0 + -0.3961718829917126 = 0}",0.21168860899999942,2,"{2: 1*x_2_0 + -0.421564418906991 = 0, 3: 1*x_3_0 + -0.3961718829917126 = 0}",0.639641343000001,2,"{3: 1*x_3_0 + -0.3961718829917126 = 0, 2: 1*x_2_0 + -0.421564418906991 = 0}",1.0658216460000034,2,"{2: 1*x_2_0 + -0.421564418906991 = 0, 3: 1*x_3_0 + -0.3961718829917126 = 0}",0.4099907149999922,2
1.1591726272442633,-0.587763531435416,0.5921615308747479,0.2646989129723388,1,1,"{1: 1*x_1_0 + 0.587763531435416 = 0, 2: 1*x_2_0 + -0.5921615308747479 = 0, 3: 1*x_3_0 + -0.2646989129723388 = 0}",0.09516917300000038,3,"{2: 1*x_2_0 + -0.5921615308747479 = 0, 0: 1*x_0_0 + -1.1591726272442633 = 0, 1: 1*x_1_0 + 0.587763531435416 = 0}",0.1190664770000005,3,"{0: 1*x_0_0 + -1.1591726272442633 = 0, 2: 1*x_2_0 + -0.5921615308747479 = 0, 1: 1*x_1_0 + 0.587763531435416 = 0}",0.34597262699999476,3,"{0: 1*x_0_0 + -1.1591726272442633 = 0, 1: 1*x_1_0 + 0.587763531435416 = 0, 2: 1*x_2_0 + -0.5921615308747479 = 0}",0.5607978930000002,3,"{0: 1*x_0_0 + -1.1591726272442633 = 0, 1: 1*x_1_0 + 0.587763531435416 = 0, 2: 1*x_2_0 + -0.5921615308747479 = 0}",0.4007889910000131,3
-0.537177558966854,0.8006542593569032,-1.2844067007705793,-1.0500307872213979,0,0,"{1: 1*x_1_0 + -0.8006542593569032 = 0, 3: 1*x_3_0 + 1.0500307872213979 = 0}",0.10403451800000063,2,"{3: 1*x_3_0 + 1.0500307872213979 = 0, 0: 1*x_0_0 + 0.537177558966854 = 0}",0.09660784000000078,2,"{3: 1*x_3_0 + 1.0500307872213979 = 0, 0: 1*x_0_0 + 0.537177558966854 = 0}",0.2974749810000006,2,"{3: 1*x_3_0 + 1.0500307872213979 = 0, 1: 1*x_1_0 + -0.8006542593569032 = 0}",0.5515680870000068,2,"{1: 1*x_1_0 + -0.8006542593569032 = 0, 3: 1*x_3_0 + 1.0500307872213979 = 0}",0.279958884999985,2
-0.29484181807955234,-0.3563605663033627,-0.09022691699628005,0.13322594295296525,1,1,"{2: 1*x_2_0 + 0.09022691699628005 = 0, 3: 1*x_3_0 + -0.13322594295296525 = 0}",0.17689947499999903,2,"{2: 1*x_2_0 + 0.09022691699628005 = 0, 0: 1*x_0_0 + 0.29484181807955234 = 0}",0.12945687799999916,2,"{2: 1*x_2_0 + 0.09022691699628005 = 0, 3: 1*x_3_0 + -0.13322594295296525 = 0}",0.5109892849999937,2,"{2: 1*x_2_0 + 0.09022691699628005 = 0, 3: 1*x_3_0 + -0.13322594295296525 = 0}",0.8398686929999997,2,"{0: 1*x_0_0 + 0.29484181807955234 = 0, 2: 1*x_2_0 + 0.09022691699628005 = 0}",0.24968955100001722,2
1.2803404976879151,0.10644536396074403,0.7627586428425048,1.4479556431467018,2,2,"{1: 1*x_1_0 + -0.10644536396074403 = 0, 2: 1*x_2_0 + -0.7627586428425048 = 0, 3: 1*x_3_0 + -1.4479556431467018 = 0}",0.0927461669999996,3,"{2: 1*x_2_0 + -0.7627586428425048 = 0, 3: 1*x_3_0 + -1.4479556431467018 = 0, 1: 1*x_1_0 + -0.10644536396074403 = 0}",0.09678170700000166,3,"{2: 1*x_2_0 + -0.7627586428425048 = 0, 3: 1*x_3_0 + -1.4479556431467018 = 0, 0: 1*x_0_0 + -1.2803404976879151 = 0}",0.2954993829999992,3,"{3: 1*x_3_0 + -1.4479556431467018 = 0, 1: 1*x_1_0 + -0.10644536396074403 = 0, 2: 1*x_2_0 + -0.7627586428425048 = 0}",0.49663507799999707,3,"{0: 1*x_0_0 + -1.2803404976879151 = 0, 1: 1*x_1_0 + -0.10644536396074403 = 0, 3: 1*x_3_0 + -1.4479556431467018 = 0}",0.3603579739999816,3
0.432165404582356,-1.9761813222277342,0.421564418906991,0.3961718829917126,1,1,"{2: 1*x_2_0 + -0.421564418906991 = 0, 3: 1*x_3_0 + -0.3961718829917126 = 0}",0.19767446900000074,2,"{3: 1*x_3_0 + -0.3961718829917126 = 0, 2: 1*x_2_0 + -0.421564418906991 = 0}",0.20315438000000086,2,"{3: 1*x_3_0 + -0.3961718829917126 = 0, 2: 1*x_2_0 + -0.421564418906991 = 0}",0.5167222150000015,2,"{2: 1*x_2_0 + -0.421564418906991 = 0, 3: 1*x_3_0 + -0.3961718829917126 = 0}",0.9601934350000079,2,"{2: 1*x_2_0 + -0.421564418906991 = 0, 3: 1*x_3_0 + -0.3961718829917126 = 0}",0.41625605799998766,2
-0.05250607719224957,-0.8191664965674684,0.08037019497147688,0.001752972933591456,1,1,"{2: 1*x_2_0 + -0.08037019497147688 = 0, 3: 1*x_3_0 + -0.001752972933591456 = 0}",0.18919781700000016,2,"{3: 1*x_3_0 + -0.001752972933591456 = 0, 2: 1*x_2_0 + -0.08037019497147688 = 0}",0.19415944600000046,2,"{2: 1*x_2_0 + -0.08037019497147688 = 0, 3: 1*x_3_0 + -0.001752972933591456 = 0}",0.5921139919999945,2,"{2: 1*x_2_0 + -0.08037019497147688 = 0, 3: 1*x_3_0 + -0.001752972933591456 = 0}",0.9194704850000051,2,"{2: 1*x_2_0 + -0.08037019497147688 = 0, 3: 1*x_3_0 + -0.001752972933591456 = 0}",0.41037246600001254,2
0.7956690159133096,0.3378483290927974,0.7627586428425048,1.053536733088581,2,2,"{1: 1*x_1_0 + -0.3378483290927974 = 0, 2: 1*x_2_0 + -0.7627586428425048 = 0, 3: 1*x_3_0 + -1.053536733088581 = 0}",0.08902109000000102,3,"{1: 1*x_1_0 + -0.3378483290927974 = 0, 3: 1*x_3_0 + -1.053536733088581 = 0, 2: 1*x_2_0 + -0.7627586428425048 = 0}",0.09255105099999739,3,"{1: 1*x_1_0 + -0.3378483290927974 = 0, 3: 1*x_3_0 + -1.053536733088581 = 0, 2: 1*x_2_0 + -0.7627586428425048 = 0}",0.27925954500000216,3,"{1: 1*x_1_0 + -0.3378483290927974 = 0, 2: 1*x_2_0 + -0.7627586428425048 = 0, 3: 1*x_3_0 + -1.053536733088581 = 0}",0.4704314699999941,3,"{1: 1*x_1_0 + -0.3378483290927974 = 0, 2: 1*x_2_0 + -0.7627586428425048 = 0, 3: 1*x_3_0 + -1.053536733088581 = 0}",0.4141424270000016,3
-1.2641847816287624,-0.12495760117130933,-1.3412724047598317,-1.4444496972795189,0,0,"{1: 1*x_1_0 + 0.12495760117130933 = 0, 3: 1*x_3_0 + 1.4444496972795189 = 0}",0.08120790399999933,2,"{0: 1*x_0_0 + 1.2641847816287624 = 0, 3: 1*x_3_0 + 1.4444496972795189 = 0}",0.0832174039999991,2,"{3: 1*x_3_0 + 1.4444496972795189 = 0, 1: 1*x_1_0 + 0.12495760117130933 = 0}",0.2605407070000041,2,"{3: 1*x_3_0 + 1.4444496972795189 = 0, 0: 1*x_0_0 + 1.2641847816287624 = 0}",0.43255610299999603,2,"{1: 1*x_1_0 + 0.12495760117130933 = 0, 3: 1*x_3_0 + 1.4444496972795189 = 0}",0.1737706170000024,2
-0.4160096885232032,1.0320572244889565,-1.3981381087490838,-1.3129767272601454,0,0,"{1: 1*x_1_0 + -1.0320572244889565 = 0, 3: 1*x_3_0 + 1.3129767272601454 = 0}",0.08118866599999919,2,"{3: 1*x_3_0 + 1.3129767272601454 = 0, 1: 1*x_1_0 + -1.0320572244889565 = 0}",0.08227681199999992,2,"{3: 1*x_3_0 + 1.3129767272601454 = 0, 1: 1*x_1_0 + -1.0320572244889565 = 0}",0.2695783170000041,2,"{3: 1*x_3_0 + 1.3129767272601454 = 0, 0: 1*x_0_0 + 0.4160096885232032 = 0}",0.42871858600000223,2,"{1: 1*x_1_0 + -1.0320572244889565 = 0, 3: 1*x_3_0 + 1.3129767272601454 = 0}",0.17008134300002098,2
-1.1430169111851105,0.10644536396074403,-1.2844067007705793,-1.4444496972795189,0,0,"{1: 1*x_1_0 + -0.10644536396074403 = 0, 3: 1*x_3_0 + 1.4444496972795189 = 0}",0.08154982900000007,2,"{3: 1*x_3_0 + 1.4444496972795189 = 0, 0: 1*x_0_0 + 1.1430169111851105 = 0}",0.08269485100000296,2,"{3: 1*x_3_0 + 1.4444496972795189 = 0, 0: 1*x_0_0 + 1.1430169111851105 = 0}",0.2618091100000015,2,"{3: 1*x_3_0 + 1.4444496972795189 = 0, 0: 1*x_0_0 + 1.1430169111851105 = 0}",0.43475585299999864,2,"{1: 1*x_1_0 + -0.10644536396074403 = 0, 3: 1*x_3_0 + 1.4444496972795189 = 0}",0.17420677600000545,2
-0.9006811702978088,1.7262661198851155,-1.2844067007705793,-1.1815037572407716,0,0,"{1: 1*x_1_0 + -1.7262661198851155 = 0, 3: 1*x_3_0 + 1.1815037572407716 = 0}",0.08240776200000077,2,"{3: 1*x_3_0 + 1.1815037572407716 = 0, 0: 1*x_0_0 + 0.9006811702978088 = 0}",0.08503495200000089,2,"{1: 1*x_1_0 + -1.7262661198851155 = 0, 3: 1*x_3_0 + 1.1815037572407716 = 0}",0.26166034100000246,2,"{1: 1*x_1_0 + -1.7262661198851155 = 0, 3: 1*x_3_0 + 1.1815037572407716 = 0}",0.4361688559999948,2,"{1: 1*x_1_0 + -1.7262661198851155 = 0, 3: 1*x_3_0 + 1.1815037572407716 = 0}",0.16796208400000978,2
0.5533332750260068,0.5692512942248498,0.5352958268854958,0.5276448530110863,1,1,"{2: 1*x_2_0 + -0.5352958268854958 = 0, 3: 1*x_3_0 + -0.5276448530110863 = 0}",0.167873586999999,2,"{2: 1*x_2_0 + -0.5352958268854958 = 0, 3: 1*x_3_0 + -0.5276448530110863 = 0}",0.17258987099999956,2,"{3: 1*x_3_0 + -0.5276448530110863 = 0, 2: 1*x_2_0 + -0.5352958268854958 = 0}",0.5294297220000033,2,"{3: 1*x_3_0 + -0.5276448530110863 = 0, 2: 1*x_2_0 + -0.5352958268854958 = 0}",0.8994602519999972,2,"{2: 1*x_2_0 + -0.5352958268854958 = 0, 3: 1*x_3_0 + -0.5276448530110863 = 0}",0.3828215279999938,2
0.7956690159133096,-0.12495760117130933,1.1608185707672714,1.3164826731273285,2,2,"{1: 1*x_1_0 + 0.12495760117130933 = 0, 2: 1*x_2_0 + -1.1608185707672714 = 0, 3: 1*x_3_0 + -1.3164826731273285 = 0}",0.08962695299999979,3,"{3: 1*x_3_0 + -1.3164826731273285 = 0, 1: 1*x_1_0 + 0.12495760117130933 = 0, 0: 1*x_0_0 + -0.7956690159133096 = 0}",0.09482389300000449,3,"{3: 1*x_3_0 + -1.3164826731273285 = 0, 0: 1*x_0_0 + -0.7956690159133096 = 0, 1: 1*x_1_0 + 0.12495760117130933 = 0}",0.28933310899999753,3,"{1: 1*x_1_0 + 0.12495760117130933 = 0, 2: 1*x_2_0 + -1.1608185707672714 = 0, 3: 1*x_3_0 + -1.3164826731273285 = 0}",0.4884882019999992,3,"{0: 1*x_0_0 + -0.7956690159133096 = 0, 1: 1*x_1_0 + 0.12495760117130933 = 0, 3: 1*x_3_0 + -1.3164826731273285 = 0}",0.34597855399999844,3
-0.29484181807955234,-1.281972426831575,0.08037019497147688,-0.12971999708578205,1,1,"{2: 1*x_2_0 + -0.08037019497147688 = 0, 3: 1*x_3_0 + 0.12971999708578205 = 0}",0.1925955789999989,2,"{2: 1*x_2_0 + -0.08037019497147688 = 0, 3: 1*x_3_0 + 0.12971999708578205 = 0}",0.20043861799999974,2,"{3: 1*x_3_0 + 0.12971999708578205 = 0, 2: 1*x_2_0 + -0.08037019497147688 = 0}",0.6105280129999997,2,"{2: 1*x_2_0 + -0.08037019497147688 = 0, 3: 1*x_3_0 + 0.12971999708578205 = 0}",1.0157175849999902,2,"{2: 1*x_2_0 + -0.08037019497147688 = 0, 3: 1*x_3_0 + 0.12971999708578205 = 0}",0.4047513080000158,2
-0.1736739476359004,-0.587763531435416,0.421564418906991,0.13322594295296525,1,1,"{2: 1*x_2_0 + -0.421564418906991 = 0, 3: 1*x_3_0 + -0.13322594295296525 = 0}",0.17063094899999953,2,"{2: 1*x_2_0 + -0.421564418906991 = 0, 3: 1*x_3_0 + -0.13322594295296525 = 0}",0.17756539299999474,2,"{3: 1*x_3_0 + -0.13322594295296525 = 0, 2: 1*x_2_0 + -0.421564418906991 = 0}",0.5584455559999952,2,"{2: 1*x_2_0 + -0.421564418906991 = 0, 3: 1*x_3_0 + -0.13322594295296525 = 0}",0.9246638850000011,2,"{2: 1*x_2_0 + -0.421564418906991 = 0, 3: 1*x_3_0 + -0.13322594295296525 = 0}",0.38539479700000356,2
0.6745011454696588,-0.587763531435416,1.0470871627887666,1.3164826731273285,2,2,"{1: 1*x_1_0 + 0.587763531435416 = 0, 2: 1*x_2_0 + -1.0470871627887666 = 0, 3: 1*x_3_0 + -1.3164826731273285 = 0}",0.08912338600000069,3,"{0: 1*x_0_0 + -0.6745011454696588 = 0, 3: 1*x_3_0 + -1.3164826731273285 = 0, 1: 1*x_1_0 + 0.587763531435416 = 0}",0.09439240700000084,3,"{2: 1*x_2_0 + -1.0470871627887666 = 0, 0: 1*x_0_0 + -0.6745011454696588 = 0, 3: 1*x_3_0 + -1.3164826731273285 = 0}",0.29329748300000347,3,"{3: 1*x_3_0 + -1.3164826731273285 = 0, 1: 1*x_1_0 + 0.587763531435416 = 0, 0: 1*x_0_0 + -0.6745011454696588 = 0}",0.4897205580000019,3,"{0: 1*x_0_0 + -0.6745011454696588 = 0, 1: 1*x_1_0 + 0.587763531435416 = 0, 3: 1*x_3_0 + -1.3164826731273285 = 0}",0.3469554129999892,3
-1.3853526520724133,0.3378483290927974,-1.2275409967813269,-1.3129767272601454,0,0,"{1: 1*x_1_0 + -0.3378483290927974 = 0, 3: 1*x_3_0 + 1.3129767272601454 = 0}",0.08246029999999926,2,"{0: 1*x_0_0 + 1.3853526520724133 = 0, 3: 1*x_3_0 + 1.3129767272601454 = 0}",0.08640219200000132,2,"{3: 1*x_3_0 + 1.3129767272601454 = 0, 1: 1*x_1_0 + -0.3378483290927974 = 0}",0.2743302880000016,2,"{3: 1*x_3_0 + 1.3129767272601454 = 0, 1: 1*x_1_0 + -0.3378483290927974 = 0}",0.443071063000005,2,"{1: 1*x_1_0 + -0.3378483290927974 = 0, 3: 1*x_3_0 + 1.3129767272601454 = 0}",0.16901534799998785,2
0.31099753413870407,-0.12495760117130933,0.6490272348640006,0.7905907930498337,2,2,"{1: 1*x_1_0 + 0.12495760117130933 = 0, 2: 1*x_2_0 + -0.6490272348640006 = 0, 3: 1*x_3_0 + -0.7905907930498337 = 0}",0.09062134000000022,3,"{3: 1*x_3_0 + -0.7905907930498337 = 0, 1: 1*x_1_0 + 0.12495760117130933 = 0, 2: 1*x_2_0 + -0.6490272348640006 = 0}",0.09384817499999798,3,"{3: 1*x_3_0 + -0.7905907930498337 = 0, 1: 1*x_1_0 + 0.12495760117130933 = 0, 2: 1*x_2_0 + -0.6490272348640006 = 0}",0.3049532539999973,3,"{1: 1*x_1_0 + 0.12495760117130933 = 0, 3: 1*x_3_0 + -0.7905907930498337 = 0, 2: 1*x_2_0 + -0.6490272348640006 = 0}",0.4836207249999944,3,"{1: 1*x_1_0 + 0.12495760117130933 = 0, 2: 1*x_2_0 + -0.6490272348640006 = 0, 3: 1*x_3_0 + -0.7905907930498337 = 0}",0.40277740000001927,3
-1.0218490407414595,0.8006542593569032,-1.2275409967813269,-1.0500307872213979,0,0,"{1: 1*x_1_0 + -0.8006542593569032 = 0, 3: 1*x_3_0 + 1.0500307872213979 = 0}",0.10329968099999931,2,"{3: 1*x_3_0 + 1.0500307872213979 = 0, 1: 1*x_1_0 + -0.8006542593569032 = 0}",0.11146989099999871,2,"{3: 1*x_3_0 + 1.0500307872213979 = 0, 1: 1*x_1_0 + -0.8006542593569032 = 0}",0.4102720859999991,2,"{0: 1*x_0_0 + 1.0218490407414595 = 0, 3: 1*x_3_0 + 1.0500307872213979 = 0}",0.9486381290000026,2,"{1: 1*x_1_0 + -0.8006542593569032 = 0, 3: 1*x_3_0 + 1.0500307872213979 = 0}",0.1914723170000059,2
0.6745011454696588,-0.587763531435416,1.0470871627887666,1.1850097031079547,2,2,"{1: 1*x_1_0 + 0.587763531435416 = 0, 2: 1*x_2_0 + -1.0470871627887666 = 0, 3: 1*x_3_0 + -1.1850097031079547 = 0}",0.08876314599999979,3,"{2: 1*x_2_0 + -1.0470871627887666 = 0, 3: 1*x_3_0 + -1.1850097031079547 = 0, 1: 1*x_1_0 + 0.587763531435416 = 0}",0.08826628199999931,3,"{2: 1*x_2_0 + -1.0470871627887666 = 0, 1: 1*x_1_0 + 0.587763531435416 = 0, 3: 1*x_3_0 + -1.1850097031079547 = 0}",0.2860324219999981,3,"{2: 1*x_2_0 + -1.0470871627887666 = 0, 0: 1*x_0_0 + -0.6745011454696588 = 0, 3: 1*x_3_0 + -1.1850097031079547 = 0}",0.46653592100000196,3,"{1: 1*x_1_0 + 0.587763531435416 = 0, 2: 1*x_2_0 + -1.0470871627887666 = 0, 3: 1*x_3_0 + -1.1850097031079547 = 0}",0.4057308750000175,3
2.4920192021244283,1.7262661198851155,1.5020127947027857,1.053536733088581,2,2,"{1: 1*x_1_0 + -1.7262661198851155 = 0, 2: 1*x_2_0 + -1.5020127947027857 = 0, 3: 1*x_3_0 + -1.053536733088581 = 0}",0.08836217499999854,3,"{1: 1*x_1_0 + -1.7262661198851155 = 0, 3: 1*x_3_0 + -1.053536733088581 = 0, 2: 1*x_2_0 + -1.5020127947027857 = 0}",0.09149592300000364,3,"{1: 1*x_1_0 + -1.7262661198851155 = 0, 3: 1*x_3_0 + -1.053536733088581 = 0, 2: 1*x_2_0 + -1.5020127947027857 = 0}",0.2935262669999972,3,"{3: 1*x_3_0 + -1.053536733088581 = 0, 2: 1*x_2_0 + -1.5020127947027857 = 0, 1: 1*x_1_0 + -1.7262661198851155 = 0}",0.4730602780000055,3,"{1: 1*x_1_0 + -1.7262661198851155 = 0, 2: 1*x_2_0 + -1.5020127947027857 = 0, 3: 1*x_3_0 + -1.053536733088581 = 0}",0.41745594699997923,3
1.0380047568006125,-0.12495760117130933,0.8196243468317574,1.4479556431467018,2,2,"{1: 1*x_1_0 + 0.12495760117130933 = 0, 2: 1*x_2_0 + -0.8196243468317574 = 0, 3: 1*x_3_0 + -1.4479556431467018 = 0}",0.08965229799999896,3,"{3: 1*x_3_0 + -1.4479556431467018 = 0, 1: 1*x_1_0 + 0.12495760117130933 = 0, 2: 1*x_2_0 + -0.8196243468317574 = 0}",0.09259138300000558,3,"{0: 1*x_0_0 + -1.0380047568006125 = 0, 1: 1*x_1_0 + 0.12495760117130933 = 0, 3: 1*x_3_0 + -1.4479556431467018 = 0}",0.2900752199999985,3,"{2: 1*x_2_0 + -0.8196243468317574 = 0, 0: 1*x_0_0 + -1.0380047568006125 = 0, 3: 1*x_3_0 + -1.4479556431467018 = 0}",0.472648274000008,3,"{0: 1*x_0_0 + -1.0380047568006125 = 0, 1: 1*x_1_0 + 0.12495760117130933 = 0, 3: 1*x_3_0 + -1.4479556431467018 = 0}",0.35226313699999423,3
1.0380047568006125,-1.281972426831575,1.1608185707672714,0.7905907930498337,2,2,"{1: 1*x_1_0 + 1.281972426831575 = 0, 2: 1*x_2_0 + -1.1608185707672714 = 0, 3: 1*x_3_0 + -0.7905907930498337 = 0}",0.08979235199999813,3,"{3: 1*x_3_0 + -0.7905907930498337 = 0, 2: 1*x_2_0 + -1.1608185707672714 = 0, 1: 1*x_1_0 + 1.281972426831575 = 0}",0.0943906919999975,3,"{2: 1*x_2_0 + -1.1608185707672714 = 0, 1: 1*x_1_0 + 1.281972426831575 = 0, 3: 1*x_3_0 + -0.7905907930498337 = 0}",0.28550107699999927,3,"{3: 1*x_3_0 + -0.7905907930498337 = 0, 2: 1*x_2_0 + -1.1608185707672714 = 0, 1: 1*x_1_0 + 1.281972426831575 = 0}",0.4861542489999948,3,"{1: 1*x_1_0 + 1.281972426831575 = 0, 2: 1*x_2_0 + -1.1608185707672714 = 0, 3: 1*x_3_0 + -0.7905907930498337 = 0}",0.4067172259999836,3
1.1591726272442633,0.3378483290927974,1.217684274756524,1.4479556431467018,2,2,"{1: 1*x_1_0 + -0.3378483290927974 = 0, 2: 1*x_2_0 + -1.217684274756524 = 0, 3: 1*x_3_0 + -1.4479556431467018 = 0}",0.08981251300000181,3,"{1: 1*x_1_0 + -0.3378483290927974 = 0, 0: 1*x_0_0 + -1.1591726272442633 = 0, 3: 1*x_3_0 + -1.4479556431467018 = 0}",0.09297775600000335,3,"{1: 1*x_1_0 + -0.3378483290927974 = 0, 2: 1*x_2_0 + -1.217684274756524 = 0, 3: 1*x_3_0 + -1.4479556431467018 = 0}",0.28446616400000124,3,"{3: 1*x_3_0 + -1.4479556431467018 = 0, 2: 1*x_2_0 + -1.217684274756524 = 0, 0: 1*x_0_0 + -1.1591726272442633 = 0}",0.4736495669999954,3,"{0: 1*x_0_0 + -1.1591726272442633 = 0, 1: 1*x_1_0 + -0.3378483290927974 = 0, 3: 1*x_3_0 + -1.4479556431467018 = 0}",0.3419813369999929,3
-1.2641847816287624,-0.12495760117130933,-1.3412724047598317,-1.1815037572407716,0,0,"{1: 1*x_1_0 + 0.12495760117130933 = 0, 3: 1*x_3_0 + 1.1815037572407716 = 0}",0.09812420499999774,2,"{3: 1*x_3_0 + 1.1815037572407716 = 0, 0: 1*x_0_0 + 1.2641847816287624 = 0}",0.091700165000006,2,"{3: 1*x_3_0 + 1.1815037572407716 = 0, 0: 1*x_0_0 + 1.2641847816287624 = 0}",0.2914528419999982,2,"{3: 1*x_3_0 + 1.1815037572407716 = 0, 0: 1*x_0_0 + 1.2641847816287624 = 0}",0.4752723950000046,2,"{1: 1*x_1_0 + 0.12495760117130933 = 0, 3: 1*x_3_0 + 1.1815037572407716 = 0}",0.18548155900001007,2
-1.2641847816287624,0.10644536396074403,-1.2275409967813269,-1.3129767272601454,0,0,"{1: 1*x_1_0 + -0.10644536396074403 = 0, 3: 1*x_3_0 + 1.3129767272601454 = 0}",0.08755200699999932,2,"{3: 1*x_3_0 + 1.3129767272601454 = 0, 0: 1*x_0_0 + 1.2641847816287624 = 0}",0.08502454799999981,2,"{0: 1*x_0_0 + 1.2641847816287624 = 0, 3: 1*x_3_0 + 1.3129767272601454 = 0}",0.25988825900000023,2,"{3: 1*x_3_0 + 1.3129767272601454 = 0, 1: 1*x_1_0 + -0.10644536396074403 = 0}",0.43482366500001035,2,"{1: 1*x_1_0 + -0.10644536396074403 = 0, 3: 1*x_3_0 + 1.3129767272601454 = 0}",0.17596076800001015,2
-1.5065205225160652,1.2634601896210098,-1.568735220716841,-1.3129767272601454,0,0,"{1: 1*x_1_0 + -1.2634601896210098 = 0, 3: 1*x_3_0 + 1.3129767272601454 = 0}",0.07495449099999973,2,"{3: 1*x_3_0 + 1.3129767272601454 = 0, 0: 1*x_0_0 + 1.5065205225160652 = 0}",0.08331988299999438,2,"{3: 1*x_3_0 + 1.3129767272601454 = 0, 1: 1*x_1_0 + -1.2634601896210098 = 0}",0.2400076879999986,2,"{3: 1*x_3_0 + 1.3129767272601454 = 0, 0: 1*x_0_0 + 1.5065205225160652 = 0}",0.4309910150000036,2,"{1: 1*x_1_0 + -1.2634601896210098 = 0, 3: 1*x_3_0 + 1.3129767272601454 = 0}",0.16236054800000943,2
-0.1736739476359004,3.1146839106774356,-1.2844067007705793,-1.0500307872213979,0,0,"{1: 1*x_1_0 + -3.1146839106774356 = 0, 3: 1*x_3_0 + 1.0500307872213979 = 0}",0.07291842100000068,2,"{3: 1*x_3_0 + 1.0500307872213979 = 0, 1: 1*x_1_0 + -3.1146839106774356 = 0}",0.07686061300000091,2,"{3: 1*x_3_0 + 1.0500307872213979 = 0, 1: 1*x_1_0 + -3.1146839106774356 = 0}",0.2542967090000019,2,"{3: 1*x_3_0 + 1.0500307872213979 = 0, 1: 1*x_1_0 + -3.1146839106774356 = 0}",0.45365313400000673,2,"{1: 1*x_1_0 + -3.1146839106774356 = 0, 3: 1*x_3_0 + 1.0500307872213979 = 0}",0.1614337419999856,2
1.0380047568006125,0.10644536396074403,0.36469871491773886,0.2646989129723388,1,1,"{2: 1*x_2_0 + -0.36469871491773886 = 0, 3: 1*x_3_0 + -0.2646989129723388 = 0}",0.1873087290000015,2,"{3: 1*x_3_0 + -0.2646989129723388 = 0, 2: 1*x_2_0 + -0.36469871491773886 = 0}",0.1969370159999997,2,"{2: 1*x_2_0 + -0.36469871491773886 = 0, 3: 1*x_3_0 + -0.2646989129723388 = 0}",0.5967407580000028,2,"{3: 1*x_3_0 + -0.2646989129723388 = 0, 2: 1*x_2_0 + -0.36469871491773886 = 0}",0.8278073010000071,2,"{2: 1*x_2_0 + -0.36469871491773886 = 0, 3: 1*x_3_0 + -0.2646989129723388 = 0}",0.40066932199999883,2
-1.2641847816287624,0.8006542593569032,-1.2275409967813269,-1.3129767272601454,0,0,"{1: 1*x_1_0 + -0.8006542593569032 = 0, 3: 1*x_3_0 + 1.3129767272601454 = 0}",0.08178349900000015,2,"{1: 1*x_1_0 + -0.8006542593569032 = 0, 3: 1*x_3_0 + 1.3129767272601454 = 0}",0.08367471999999765,2,"{3: 1*x_3_0 + 1.3129767272601454 = 0, 1: 1*x_1_0 + -0.8006542593569032 = 0}",0.25832157900000396,2,"{0: 1*x_0_0 + 1.2641847816287624 = 0, 3: 1*x_3_0 + 1.3129767272601454 = 0}",0.4349672409999954,2,"{1: 1*x_1_0 + -0.8006542593569032 = 0, 3: 1*x_3_0 + 1.3129767272601454 = 0}",0.1705241669999964,2
-1.7488562634033669,0.3378483290927974,-1.3981381087490838,-1.3129767272601454,0,0,"{1: 1*x_1_0 + -0.3378483290927974 = 0, 3: 1*x_3_0 + 1.3129767272601454 = 0}",0.0807058199999986,2,"{0: 1*x_0_0 + 1.7488562634033669 = 0, 3: 1*x_3_0 + 1.3129767272601454 = 0}",0.09310176500000011,2,"{0: 1*x_0_0 + 1.7488562634033669 = 0, 3: 1*x_3_0 + 1.3129767272601454 = 0}",0.28130710800000003,2,"{0: 1*x_0_0 + 1.7488562634033669 = 0, 3: 1*x_3_0 + 1.3129767272601454 = 0}",0.44986787199999867,2,"{1: 1*x_1_0 + -0.3378483290927974 = 0, 3: 1*x_3_0 + 1.3129767272601454 = 0}",0.16986367699999505,2
0.5533332750260068,-1.281972426831575,0.7058929388532527,0.9220637630692072,2,2,"{1: 1*x_1_0 + 1.281972426831575 = 0, 2: 1*x_2_0 + -0.7058929388532527 = 0, 3: 1*x_3_0 + -0.9220637630692072 = 0}",0.09023447899999937,3,"{2: 1*x_2_0 + -0.7058929388532527 = 0, 3: 1*x_3_0 + -0.9220637630692072 = 0, 1: 1*x_1_0 + 1.281972426831575 = 0}",0.08745363700000297,3,"{2: 1*x_2_0 + -0.7058929388532527 = 0, 3: 1*x_3_0 + -0.9220637630692072 = 0, 1: 1*x_1_0 + 1.281972426831575 = 0}",0.2836097109999969,3,"{2: 1*x_2_0 + -0.7058929388532527 = 0, 1: 1*x_1_0 + 1.281972426831575 = 0, 3: 1*x_3_0 + -0.9220637630692072 = 0}",0.46131321600000774,3,"{1: 1*x_1_0 + 1.281972426831575 = 0, 2: 1*x_2_0 + -0.7058929388532527 = 0, 3: 1*x_3_0 + -0.9220637630692072 = 0}",0.4012829399999873,3
0.6745011454696588,0.3378483290927974,0.421564418906991,0.3961718829917126,1,1,"{2: 1*x_2_0 + -0.421564418906991 = 0, 3: 1*x_3_0 + -0.3961718829917126 = 0}",0.20004188499999742,2,"{3: 1*x_3_0 + -0.3961718829917126 = 0, 2: 1*x_2_0 + -0.421564418906991 = 0}",0.20208893000000216,2,"{3: 1*x_3_0 + -0.3961718829917126 = 0, 2: 1*x_2_0 + -0.421564418906991 = 0}",0.6284272179999988,2,"{2: 1*x_2_0 + -0.421564418906991 = 0, 3: 1*x_3_0 + -0.3961718829917126 = 0}",1.0460638400000022,2,"{2: 1*x_2_0 + -0.421564418906991 = 0, 3: 1*x_3_0 + -0.3961718829917126 = 0}",0.41404824400001417,2
-0.7795132998541568,1.0320572244889565,-1.2844067007705793,-1.3129767272601454,0,0,"{1: 1*x_1_0 + -1.0320572244889565 = 0, 3: 1*x_3_0 + 1.3129767272601454 = 0}",0.08042003799999975,2,"{1: 1*x_1_0 + -1.0320572244889565 = 0, 3: 1*x_3_0 + 1.3129767272601454 = 0}",0.08227902700000556,2,"{3: 1*x_3_0 + 1.3129767272601454 = 0, 0: 1*x_0_0 + 0.7795132998541568 = 0}",0.2696256209999959,2,"{3: 1*x_3_0 + 1.3129767272601454 = 0, 1: 1*x_1_0 + -1.0320572244889565 = 0}",0.42627537999999277,2,"{1: 1*x_1_0 + -1.0320572244889565 = 0, 3: 1*x_3_0 + 1.3129767272601454 = 0}",0.16544850299999325,2
-1.0218490407414595,1.2634601896210098,-1.3412724047598317,-1.3129767272601454,0,0,"{1: 1*x_1_0 + -1.2634601896210098 = 0, 3: 1*x_3_0 + 1.3129767272601454 = 0}",0.07195323699999889,2,"{3: 1*x_3_0 + 1.3129767272601454 = 0, 0: 1*x_0_0 + 1.0218490407414595 = 0}",0.08238872700000144,2,"{3: 1*x_3_0 + 1.3129767272601454 = 0, 0: 1*x_0_0 + 1.0218490407414595 = 0}",0.25406215600000337,2,"{1: 1*x_1_0 + -1.2634601896210098 = 0, 3: 1*x_3_0 + 1.3129767272601454 = 0}",0.3915675700000065,2,"{1: 1*x_1_0 + -1.2634601896210098 = 0, 3: 1*x_3_0 + 1.3129767272601454 = 0}",0.1592596910000168,2
-0.7795132998541568,2.4204750152812746,-1.2844067007705793,-1.4444496972795189,0,0,"{1: 1*x_1_0 + -2.4204750152812746 = 0, 3: 1*x_3_0 + 1.4444496972795189 = 0}",0.07363841600000143,2,"{3: 1*x_3_0 + 1.4444496972795189 = 0, 0: 1*x_0_0 + 0.7795132998541568 = 0}",0.08365864700000003,2,"{3: 1*x_3_0 + 1.4444496972795189 = 0, 1: 1*x_1_0 + -2.4204750152812746 = 0}",0.23350933500000082,2,"{3: 1*x_3_0 + 1.4444496972795189 = 0, 0: 1*x_0_0 + 0.7795132998541568 = 0}",0.42319459300000517,2,"{1: 1*x_1_0 + -2.4204750152812746 = 0, 3: 1*x_3_0 + 1.4444496972795189 = 0}",0.15808295100001146,2
-0.05250607719224957,-0.8191664965674684,0.7627586428425048,0.9220637630692072,2,2,"{1: 1*x_1_0 + 0.8191664965674684 = 0, 2: 1*x_2_0 + -0.7627586428425048 = 0, 3: 1*x_3_0 + -0.9220637630692072 = 0}",0.08881664099999753,3,"{2: 1*x_2_0 + -0.7627586428425048 = 0, 3: 1*x_3_0 + -0.9220637630692072 = 0, 1: 1*x_1_0 + 0.8191664965674684 = 0}",0.09006501800000422,3,"{2: 1*x_2_0 + -0.7627586428425048 = 0, 3: 1*x_3_0 + -0.9220637630692072 = 0, 1: 1*x_1_0 + 0.8191664965674684 = 0}",0.27645252699999645,3,"{3: 1*x_3_0 + -0.9220637630692072 = 0, 1: 1*x_1_0 + 0.8191664965674684 = 0, 2: 1*x_2_0 + -0.7627586428425048 = 0}",0.48633783300000744,3,"{1: 1*x_1_0 + 0.8191664965674684 = 0, 2: 1*x_2_0 + -0.7627586428425048 = 0, 3: 1*x_3_0 + -0.9220637630692072 = 0}",0.4028739610000116,3
0.18982966369505322,0.8006542593569032,0.421564418906991,0.5276448530110863,1,1,"{2: 1*x_2_0 + -0.421564418906991 = 0, 3: 1*x_3_0 + -0.5276448530110863 = 0}",0.17509942000000223,2,"{3: 1*x_3_0 + -0.5276448530110863 = 0, 2: 1*x_2_0 + -0.421564418906991 = 0}",0.17751380099999636,2,"{3: 1*x_3_0 + -0.5276448530110863 = 0, 2: 1*x_2_0 + -0.421564418906991 = 0}",0.3711589079999982,2,"{3: 1*x_3_0 + -0.5276448530110863 = 0, 2: 1*x_2_0 + -0.421564418906991 = 0}",0.7503704270000071,2,"{2: 1*x_2_0 + -0.421564418906991 = 0, 3: 1*x_3_0 + -0.5276448530110863 = 0}",0.3871710989999997,2
1.0380047568006125,0.10644536396074403,0.5352958268854958,0.3961718829917126,1,1,"{1: 1*x_1_0 + -0.10644536396074403 = 0, 2: 1*x_2_0 + -0.5352958268854958 = 0, 3: 1*x_3_0 + -0.3961718829917126 = 0}",0.09242503899999832,3,"{1: 1*x_1_0 + -0.10644536396074403 = 0, 2: 1*x_2_0 + -0.5352958268854958 = 0, 3: 1*x_3_0 + -0.3961718829917126 = 0}",0.09449662699999806,3,"{2: 1*x_2_0 + -0.5352958268854958 = 0, 1: 1*x_1_0 + -0.10644536396074403 = 0, 0: 1*x_0_0 + -1.0380047568006125 = 0}",0.333683470000004,3,"{2: 1*x_2_0 + -0.5352958268854958 = 0, 0: 1*x_0_0 + -1.0380047568006125 = 0, 3: 1*x_3_0 + -0.3961718829917126 = 0}",0.5159355629999993,3,"{0: 1*x_0_0 + -1.0380047568006125 = 0, 1: 1*x_1_0 + -0.10644536396074403 = 0, 2: 1*x_2_0 + -0.5352958268854958 = 0}",0.39404093900000703,3
-0.537177558966854,1.957669085017169,-1.3981381087490838,-1.0500307872213979,0,0,"{1: 1*x_1_0 + -1.957669085017169 = 0, 3: 1*x_3_0 + 1.0500307872213979 = 0}",0.08116423699999942,2,"{1: 1*x_1_0 + -1.957669085017169 = 0, 3: 1*x_3_0 + 1.0500307872213979 = 0}",0.08240367799999859,2,"{3: 1*x_3_0 + 1.0500307872213979 = 0, 0: 1*x_0_0 + 0.537177558966854 = 0}",0.2620199380000017,2,"{3: 1*x_3_0 + 1.0500307872213979 = 0, 0: 1*x_0_0 + 0.537177558966854 = 0}",0.4535940860000096,2,"{1: 1*x_1_0 + -1.957669085017169 = 0, 3: 1*x_3_0 + 1.0500307872213979 = 0}",0.17249683299999674,2
-0.537177558966854,1.494863154753063,-1.2844067007705793,-1.3129767272601454,0,0,"{1: 1*x_1_0 + -1.494863154753063 = 0, 3: 1*x_3_0 + 1.3129767272601454 = 0}",0.07248272999999728,2,"{1: 1*x_1_0 + -1.494863154753063 = 0, 3: 1*x_3_0 + 1.3129767272601454 = 0}",0.0746571660000015,2,"{3: 1*x_3_0 + 1.3129767272601454 = 0, 1: 1*x_1_0 + -1.494863154753063 = 0}",0.24487900800000517,2,"{3: 1*x_3_0 + 1.3129767272601454 = 0, 0: 1*x_0_0 + 0.537177558966854 = 0}",0.40430466499999795,2,"{1: 1*x_1_0 + -1.494863154753063 = 0, 3: 1*x_3_0 + 1.3129767272601454 = 0}",0.17232500100001857,2
-0.4160096885232032,-1.5133753919636286,-0.03336121300702765,-0.2611929671051558,1,1,"{2: 1*x_2_0 + 0.03336121300702765 = 0, 3: 1*x_3_0 + 0.2611929671051558 = 0}",0.19821806300000233,2,"{0: 1*x_0_0 + 0.4160096885232032 = 0, 2: 1*x_2_0 + 0.03336121300702765 = 0, 1: 1*x_1_0 + 1.5133753919636286 = 0}",0.10706521699999882,3,"{2: 1*x_2_0 + 0.03336121300702765 = 0, 3: 1*x_3_0 + 0.2611929671051558 = 0}",0.4187640330000022,2,"{2: 1*x_2_0 + 0.03336121300702765 = 0, 3: 1*x_3_0 + 0.2611929671051558 = 0}",0.8500916480000029,2,"{2: 1*x_2_0 + 0.03336121300702765 = 0, 3: 1*x_3_0 + 0.2611929671051558 = 0}",0.434679731000017,2
0.5533332750260068,-0.587763531435416,0.7627586428425048,0.3961718829917126,2,1,"{1: 1*x_1_0 + 0.587763531435416 = 0, 2: 1*x_2_0 + -0.7627586428425048 = 0, 3: 1*x_3_0 + -0.3961718829917126 = 0}",0.09046907100000112,3,"{3: 1*x_3_0 + -0.3961718829917126 = 0, 2: 1*x_2_0 + -0.7627586428425048 = 0, 1: 1*x_1_0 + 0.587763531435416 = 0}",0.09185427399999924,3,"{3: 1*x_3_0 + -0.3961718829917126 = 0, 2: 1*x_2_0 + -0.7627586428425048 = 0, 0: 1*x_0_0 + -0.5533332750260068 = 0}",0.3076109049999971,3,"{3: 1*x_3_0 + -0.3961718829917126 = 0, 0: 1*x_0_0 + -0.5533332750260068 = 0, 2: 1*x_2_0 + -0.7627586428425048 = 0}",0.5059486720000024,3,"{1: 1*x_1_0 + 0.587763531435416 = 0, 2: 1*x_2_0 + -0.7627586428425048 = 0, 3: 1*x_3_0 + -0.3961718829917126 = 0}",0.43410336399998073,3
0.6745011454696588,0.10644536396074403,0.9902214587995144,0.7905907930498337,2,2,"{1: 1*x_1_0 + -0.10644536396074403 = 0, 2: 1*x_2_0 + -0.9902214587995144 = 0, 3: 1*x_3_0 + -0.7905907930498337 = 0}",0.08966589599999963,3,"{1: 1*x_1_0 + -0.10644536396074403 = 0, 2: 1*x_2_0 + -0.9902214587995144 = 0, 3: 1*x_3_0 + -0.7905907930498337 = 0}",0.09147942599999936,3,"{1: 1*x_1_0 + -0.10644536396074403 = 0, 3: 1*x_3_0 + -0.7905907930498337 = 0, 2: 1*x_2_0 + -0.9902214587995144 = 0}",0.29396081099999094,3,"{1: 1*x_1_0 + -0.10644536396074403 = 0, 3: 1*x_3_0 + -0.7905907930498337 = 0, 2: 1*x_2_0 + -0.9902214587995144 = 0}",0.48408431500000404,3,"{1: 1*x_1_0 + -0.10644536396074403 = 0, 2: 1*x_2_0 + -0.9902214587995144 = 0, 3: 1*x_3_0 + -0.7905907930498337 = 0}",0.4331663689999914,3
0.9168368863569605,-0.12495760117130933,0.36469871491773886,0.2646989129723388,1,1,"{2: 1*x_2_0 + -0.36469871491773886 = 0, 3: 1*x_3_0 + -0.2646989129723388 = 0}",0.18552833800000101,2,"{2: 1*x_2_0 + -0.36469871491773886 = 0, 3: 1*x_3_0 + -0.2646989129723388 = 0}",0.19835573400000328,2,"{2: 1*x_2_0 + -0.36469871491773886 = 0, 3: 1*x_3_0 + -0.2646989129723388 = 0}",0.5312637199999983,2,"{3: 1*x_3_0 + -0.2646989129723388 = 0, 2: 1*x_2_0 + -0.36469871491773886 = 0}",0.7470142729999907,2,"{2: 1*x_2_0 + -0.36469871491773886 = 0, 3: 1*x_3_0 + -0.2646989129723388 = 0}",0.4305828859999963,2
1.643844109018869,1.2634601896210098,1.3314156827350283,1.7109015831854495,2,2,"{1: 1*x_1_0 + -1.2634601896210098 = 0, 3: 1*x_3_0 + -1.7109015831854495 = 0}",0.08277013499999697,2,"{3: 1*x_3_0 + -1.7109015831854495 = 0, 1: 1*x_1_0 + -1.2634601896210098 = 0}",0.08355455299999903,2,"{3: 1*x_3_0 + -1.7109015831854495 = 0, 1: 1*x_1_0 + -1.2634601896210098 = 0}",0.2549994390000023,2,"{3: 1*x_3_0 + -1.7109015831854495 = 0, 1: 1*x_1_0 + -1.2634601896210098 = 0}",0.42116660100001013,2,"{1: 1*x_1_0 + -1.2634601896210098 = 0, 3: 1*x_3_0 + -1.7109015831854495 = 0}",0.1806056940000076,2
-0.1736739476359004,-0.3563605663033627,0.2509673069392341,0.13322594295296525,1,1,"{2: 1*x_2_0 + -0.2509673069392341 = 0, 3: 1*x_3_0 + -0.13322594295296525 = 0}",0.1964276749999989,2,"{3: 1*x_3_0 + -0.13322594295296525 = 0, 2: 1*x_2_0 + -0.2509673069392341 = 0}",0.19972421800000006,2,"{3: 1*x_3_0 + -0.13322594295296525 = 0, 2: 1*x_2_0 + -0.2509673069392341 = 0}",0.6300391119999915,2,"{3: 1*x_3_0 + -0.13322594295296525 = 0, 2: 1*x_2_0 + -0.2509673069392341 = 0}",1.0489401119999968,2,"{2: 1*x_2_0 + -0.2509673069392341 = 0, 3: 1*x_3_0 + -0.13322594295296525 = 0}",0.43563285400000495,2
2.1285155907934734,-0.12495760117130933,1.61574420268129,1.1850097031079547,2,2,"{1: 1*x_1_0 + 0.12495760117130933 = 0, 2: 1*x_2_0 + -1.61574420268129 = 0, 3: 1*x_3_0 + -1.1850097031079547 = 0}",0.08999389799999946,3,"{2: 1*x_2_0 + -1.61574420268129 = 0, 3: 1*x_3_0 + -1.1850097031079547 = 0, 1: 1*x_1_0 + 0.12495760117130933 = 0}",0.08787266300000596,3,"{1: 1*x_1_0 + 0.12495760117130933 = 0, 3: 1*x_3_0 + -1.1850097031079547 = 0, 2: 1*x_2_0 + -1.61574420268129 = 0}",0.28477913499999374,3,"{1: 1*x_1_0 + 0.12495760117130933 = 0, 2: 1*x_2_0 + -1.61574420268129 = 0, 3: 1*x_3_0 + -1.1850097031079547 = 0}",0.4704168920000029,3,"{1: 1*x_1_0 + 0.12495760117130933 = 0, 2: 1*x_2_0 + -1.61574420268129 = 0, 3: 1*x_3_0 + -1.1850097031079547 = 0}",0.4143646899999851,3
-0.29484181807955234,-0.12495760117130933,0.421564418906991,0.3961718829917126,1,1,"{2: 1*x_2_0 + -0.421564418906991 = 0, 3: 1*x_3_0 + -0.3961718829917126 = 0}",0.20108226600000023,2,"{2: 1*x_2_0 + -0.421564418906991 = 0, 3: 1*x_3_0 + -0.3961718829917126 = 0}",0.2030860249999975,2,"{3: 1*x_3_0 + -0.3961718829917126 = 0, 2: 1*x_2_0 + -0.421564418906991 = 0}",0.5141987969999917,2,"{3: 1*x_3_0 + -0.3961718829917126 = 0, 2: 1*x_2_0 + -0.421564418906991 = 0}",0.8133406670000056,2,"{2: 1*x_2_0 + -0.421564418906991 = 0, 3: 1*x_3_0 + -0.3961718829917126 = 0}",0.42402942599997573,2
-0.9006811702978088,1.0320572244889565,-1.3412724047598317,-1.3129767272601454,0,0,"{1: 1*x_1_0 + -1.0320572244889565 = 0, 3: 1*x_3_0 + 1.3129767272601454 = 0}",0.08047489799999852,2,"{3: 1*x_3_0 + 1.3129767272601454 = 0, 0: 1*x_0_0 + 0.9006811702978088 = 0}",0.08414141200000103,2,"{3: 1*x_3_0 + 1.3129767272601454 = 0, 1: 1*x_1_0 + -1.0320572244889565 = 0}",0.2651713869999952,2,"{3: 1*x_3_0 + 1.3129767272601454 = 0, 1: 1*x_1_0 + -1.0320572244889565 = 0}",0.4357005979999826,2,"{1: 1*x_1_0 + -1.0320572244889565 = 0, 3: 1*x_3_0 + 1.3129767272601454 = 0}",0.17412465199998906,2
2.2496834612371255,-0.587763531435416,1.6726099066705427,1.053536733088581,2,2,"{1: 1*x_1_0 + 0.587763531435416 = 0, 2: 1*x_2_0 + -1.6726099066705427 = 0, 3: 1*x_3_0 + -1.053536733088581 = 0}",0.08932668100000285,3,"{2: 1*x_2_0 + -1.6726099066705427 = 0, 1: 1*x_1_0 + 0.587763531435416 = 0, 3: 1*x_3_0 + -1.053536733088581 = 0}",0.09144811899999894,3,"{2: 1*x_2_0 + -1.6726099066705427 = 0, 0: 1*x_0_0 + -2.2496834612371255 = 0, 1: 1*x_1_0 + 0.587763531435416 = 0}",0.2868465589999971,3,"{1: 1*x_1_0 + 0.587763531435416 = 0, 3: 1*x_3_0 + -1.053536733088581 = 0, 2: 1*x_2_0 + -1.6726099066705427 = 0}",0.4709446149999792,3,"{0: 1*x_0_0 + -2.2496834612371255 = 0, 1: 1*x_1_0 + 0.587763531435416 = 0, 3: 1*x_3_0 + -1.053536733088581 = 0}",0.35351438099999655,3
-0.05250607719224957,-0.8191664965674684,0.1941016029499814,-0.2611929671051558,1,1,"{2: 1*x_2_0 + -0.1941016029499814 = 0, 3: 1*x_3_0 + 0.2611929671051558 = 0}",0.19515342000000047,2,"{2: 1*x_2_0 + -0.1941016029499814 = 0, 3: 1*x_3_0 + 0.2611929671051558 = 0}",0.1970313819999987,2,"{3: 1*x_3_0 + 0.2611929671051558 = 0, 2: 1*x_2_0 + -0.1941016029499814 = 0}",0.6269646509999944,2,"{2: 1*x_2_0 + -0.1941016029499814 = 0, 3: 1*x_3_0 + 0.2611929671051558 = 0}",1.0695407550000198,2,"{2: 1*x_2_0 + -0.1941016029499814 = 0, 3: 1*x_3_0 + 0.2611929671051558 = 0}",0.4437657080000008,2
-0.7795132998541568,0.8006542593569032,-1.3412724047598317,-1.3129767272601454,0,0,"{1: 1*x_1_0 + -0.8006542593569032 = 0, 3: 1*x_3_0 + 1.3129767272601454 = 0}",0.08246557200000026,2,"{3: 1*x_3_0 + 1.3129767272601454 = 0, 1: 1*x_1_0 + -0.8006542593569032 = 0}",0.08101654099999678,2,"{3: 1*x_3_0 + 1.3129767272601454 = 0, 0: 1*x_0_0 + 0.7795132998541568 = 0}",0.2606756369999914,2,"{0: 1*x_0_0 + 0.7795132998541568 = 0, 3: 1*x_3_0 + 1.3129767272601454 = 0}",0.4334504670000001,2,"{1: 1*x_1_0 + -0.8006542593569032 = 0, 3: 1*x_3_0 + 1.3129767272601454 = 0}",0.17313236799998322,2
-1.0218490407414595,1.0320572244889565,-1.3981381087490838,-1.1815037572407716,0,0,"{1: 1*x_1_0 + -1.0320572244889565 = 0, 3: 1*x_3_0 + 1.1815037572407716 = 0}",0.08910437699999818,2,"{3: 1*x_3_0 + 1.1815037572407716 = 0, 0: 1*x_0_0 + 1.0218490407414595 = 0}",0.09237654900000081,2,"{0: 1*x_0_0 + 1.0218490407414595 = 0, 3: 1*x_3_0 + 1.1815037572407716 = 0}",0.29223537400000055,2,"{0: 1*x_0_0 + 1.0218490407414595 = 0, 3: 1*x_3_0 + 1.1815037572407716 = 0}",0.4691460930000062,2,"{1: 1*x_1_0 + -1.0320572244889565 = 0, 3: 1*x_3_0 + 1.1815037572407716 = 0}",0.18981875800000125,2
-0.9006811702978088,1.7262661198851155,-1.05694388481357,-1.0500307872213979,0,0,"{1: 1*x_1_0 + -1.7262661198851155 = 0, 3: 1*x_3_0 + 1.0500307872213979 = 0}",0.08338969499999749,2,"{1: 1*x_1_0 + -1.7262661198851155 = 0, 3: 1*x_3_0 + 1.0500307872213979 = 0}",0.08622611599999885,2,"{3: 1*x_3_0 + 1.0500307872213979 = 0, 1: 1*x_1_0 + -1.7262661198851155 = 0}",0.33266205900000045,2,"{3: 1*x_3_0 + 1.0500307872213979 = 0, 1: 1*x_1_0 + -1.7262661198851155 = 0}",0.6255010040000002,2,"{1: 1*x_1_0 + -1.7262661198851155 = 0, 3: 1*x_3_0 + 1.0500307872213979 = 0}",0.2005697360000056,2
-1.0218490407414595,-2.438987252491841,-0.14709262098553244,-0.2611929671051558,1,1,"{2: 1*x_2_0 + 0.14709262098553244 = 0, 3: 1*x_3_0 + 0.2611929671051558 = 0}",0.20690138499999833,2,"{2: 1*x_2_0 + 0.14709262098553244 = 0, 1: 1*x_1_0 + 2.438987252491841 = 0, 0: 1*x_0_0 + 1.0218490407414595 = 0}",0.10821340999999762,3,"{3: 1*x_3_0 + 0.2611929671051558 = 0, 2: 1*x_2_0 + 0.14709262098553244 = 0}",0.544536414999996,2,"{2: 1*x_2_0 + 0.14709262098553244 = 0, 3: 1*x_3_0 + 0.2611929671051558 = 0}",0.7731291560000102,2,"{2: 1*x_2_0 + 0.14709262098553244 = 0, 3: 1*x_3_0 + 0.2611929671051558 = 0}",0.44010445300000356,2
0.5533332750260068,-0.8191664965674684,0.6490272348640006,0.7905907930498337,2,2,"{1: 1*x_1_0 + 0.8191664965674684 = 0, 2: 1*x_2_0 + -0.6490272348640006 = 0, 3: 1*x_3_0 + -0.7905907930498337 = 0}",0.09062277299999977,3,"{1: 1*x_1_0 + 0.8191664965674684 = 0, 2: 1*x_2_0 + -0.6490272348640006 = 0, 3: 1*x_3_0 + -0.7905907930498337 = 0}",0.0957230010000032,3,"{2: 1*x_2_0 + -0.6490272348640006 = 0, 3: 1*x_3_0 + -0.7905907930498337 = 0, 1: 1*x_1_0 + 0.8191664965674684 = 0}",0.2951281940000001,3,"{2: 1*x_2_0 + -0.6490272348640006 = 0, 1: 1*x_1_0 + 0.8191664965674684 = 0, 3: 1*x_3_0 + -0.7905907930498337 = 0}",0.4885846949999859,3,"{1: 1*x_1_0 + 0.8191664965674684 = 0, 2: 1*x_2_0 + -0.6490272348640006 = 0, 3: 1*x_3_0 + -0.7905907930498337 = 0}",0.4241987509999774,3
-1.2641847816287624,0.8006542593569032,-1.05694388481357,-1.3129767272601454,0,0,"{1: 1*x_1_0 + -0.8006542593569032 = 0, 3: 1*x_3_0 + 1.3129767272601454 = 0}",0.0815584259999973,2,"{0: 1*x_0_0 + 1.2641847816287624 = 0, 3: 1*x_3_0 + 1.3129767272601454 = 0}",0.08184254199999685,2,"{3: 1*x_3_0 + 1.3129767272601454 = 0, 1: 1*x_1_0 + -0.8006542593569032 = 0}",0.25927259399999514,2,"{1: 1*x_1_0 + -0.8006542593569032 = 0, 3: 1*x_3_0 + 1.3129767272601454 = 0}",0.43603013500001,2,"{1: 1*x_1_0 + -0.8006542593569032 = 0, 3: 1*x_3_0 + 1.3129767272601454 = 0}",0.16435794000000215,2
-1.0218490407414595,-0.12495760117130933,-1.2275409967813269,-1.3129767272601454,0,0,"{1: 1*x_1_0 + 0.12495760117130933 = 0, 3: 1*x_3_0 + 1.3129767272601454 = 0}",0.10397142399999737,2,"{3: 1*x_3_0 + 1.3129767272601454 = 0, 1: 1*x_1_0 + 0.12495760117130933 = 0}",0.10644536300000595,2,"{3: 1*x_3_0 + 1.3129767272601454 = 0, 0: 1*x_0_0 + 1.0218490407414595 = 0}",0.3138903400000004,2,"{0: 1*x_0_0 + 1.0218490407414595 = 0, 3: 1*x_3_0 + 1.3129767272601454 = 0}",0.49666023300000006,2,"{1: 1*x_1_0 + 0.12495760117130933 = 0, 3: 1*x_3_0 + 1.3129767272601454 = 0}",0.19007350499998665,2
-0.9006811702978088,0.5692512942248498,-1.1706752927920747,-0.9185578172020242,0,0,"{1: 1*x_1_0 + -0.5692512942248498 = 0, 3: 1*x_3_0 + 0.9185578172020242 = 0}",0.19775380000000098,2,"{3: 1*x_3_0 + 0.9185578172020242 = 0, 1: 1*x_1_0 + -0.5692512942248498 = 0}",0.20118462199999954,2,"{3: 1*x_3_0 + 0.9185578172020242 = 0, 1: 1*x_1_0 + -0.5692512942248498 = 0}",0.5072417500000057,2,"{1: 1*x_1_0 + -0.5692512942248498 = 0, 3: 1*x_3_0 + 0.9185578172020242 = 0}",0.9243943480000212,2,"{1: 1*x_1_0 + -0.5692512942248498 = 0, 3: 1*x_3_0 + 0.9185578172020242 = 0}",0.2806903700000021,2
-0.29484181807955234,-0.8191664965674684,0.2509673069392341,0.13322594295296525,1,1,"{2: 1*x_2_0 + -0.2509673069392341 = 0, 3: 1*x_3_0 + -0.13322594295296525 = 0}",0.19498066899999955,2,"{3: 1*x_3_0 + -0.13322594295296525 = 0, 2: 1*x_2_0 + -0.2509673069392341 = 0}",0.1985684610000007,2,"{3: 1*x_3_0 + -0.13322594295296525 = 0, 2: 1*x_2_0 + -0.2509673069392341 = 0}",0.6228034389999948,2,"{3: 1*x_3_0 + -0.13322594295296525 = 0, 2: 1*x_2_0 + -0.2509673069392341 = 0}",1.0369709320000027,2,"{2: 1*x_2_0 + -0.2509673069392341 = 0, 3: 1*x_3_0 + -0.13322594295296525 = 0}",0.3976570580000214,2
-0.9006811702978088,0.8006542593569032,-1.2844067007705793,-1.3129767272601454,0,0,"{1: 1*x_1_0 + -0.8006542593569032 = 0, 3: 1*x_3_0 + 1.3129767272601454 = 0}",0.08056995999999828,2,"{3: 1*x_3_0 + 1.3129767272601454 = 0, 1: 1*x_1_0 + -0.8006542593569032 = 0}",0.08262524100000235,2,"{0: 1*x_0_0 + 0.9006811702978088 = 0, 3: 1*x_3_0 + 1.3129767272601454 = 0}",0.26166007100000854,2,"{0: 1*x_0_0 + 0.9006811702978088 = 0, 3: 1*x_3_0 + 1.3129767272601454 = 0}",0.4324784309999927,2,"{1: 1*x_1_0 + -0.8006542593569032 = 0, 3: 1*x_3_0 + 1.3129767272601454 = 0}",0.16690891700000066,2
-0.1736739476359004,-0.12495760117130933,0.2509673069392341,0.001752972933591456,1,1,"{2: 1*x_2_0 + -0.2509673069392341 = 0, 3: 1*x_3_0 + -0.001752972933591456 = 0}",0.19423369800000145,2,"{2: 1*x_2_0 + -0.2509673069392341 = 0, 3: 1*x_3_0 + -0.001752972933591456 = 0}",0.19958431599999926,2,"{3: 1*x_3_0 + -0.001752972933591456 = 0, 2: 1*x_2_0 + -0.2509673069392341 = 0}",0.6398097220000096,2,"{3: 1*x_3_0 + -0.001752972933591456 = 0, 2: 1*x_2_0 + -0.2509673069392341 = 0}",1.029969197000014,2,"{2: 1*x_2_0 + -0.2509673069392341 = 0, 3: 1*x_3_0 + -0.001752972933591456 = 0}",0.416498622000006,2
2.2496834612371255,1.7262661198851155,1.6726099066705427,1.3164826731273285,2,2,"{1: 1*x_1_0 + -1.7262661198851155 = 0, 2: 1*x_2_0 + -1.6726099066705427 = 0, 3: 1*x_3_0 + -1.3164826731273285 = 0}",0.08924831100000219,3,"{2: 1*x_2_0 + -1.6726099066705427 = 0, 1: 1*x_1_0 + -1.7262661198851155 = 0, 3: 1*x_3_0 + -1.3164826731273285 = 0}",0.09127753799999994,3,"{3: 1*x_3_0 + -1.3164826731273285 = 0, 1: 1*x_1_0 + -1.7262661198851155 = 0, 2: 1*x_2_0 + -1.6726099066705427 = 0}",0.29092027500000484,3,"{3: 1*x_3_0 + -1.3164826731273285 = 0, 2: 1*x_2_0 + -1.6726099066705427 = 0, 1: 1*x_1_0 + -1.7262661198851155 = 0}",0.5201598889999843,3,"{1: 1*x_1_0 + -1.7262661198851155 = 0, 2: 1*x_2_0 + -1.6726099066705427 = 0, 3: 1*x_3_0 + -1.3164826731273285 = 0}",0.42712500099997897,3
-1.5065205225160652,0.3378483290927974,-1.3412724047598317,-1.3129767272601454,0,0,"{1: 1*x_1_0 + -0.3378483290927974 = 0, 3: 1*x_3_0 + 1.3129767272601454 = 0}",0.08190435799999918,2,"{3: 1*x_3_0 + 1.3129767272601454 = 0, 0: 1*x_0_0 + 1.5065205225160652 = 0}",0.08378426999999533,2,"{3: 1*x_3_0 + 1.3129767272601454 = 0, 1: 1*x_1_0 + -0.3378483290927974 = 0}",0.26147031500001106,2,"{1: 1*x_1_0 + -0.3378483290927974 = 0, 3: 1*x_3_0 + 1.3129767272601454 = 0}",0.4861075880000101,2,"{1: 1*x_1_0 + -0.3378483290927974 = 0, 3: 1*x_3_0 + 1.3129767272601454 = 0}",0.18075214999998934,2
0.432165404582356,-0.3563605663033627,0.3078330109284862,0.13322594295296525,1,1,"{2: 1*x_2_0 + -0.3078330109284862 = 0, 3: 1*x_3_0 + -0.13322594295296525 = 0}",0.19340350800000294,2,"{3: 1*x_3_0 + -0.13322594295296525 = 0, 2: 1*x_2_0 + -0.3078330109284862 = 0}",0.20417906699999833,2,"{3: 1*x_3_0 + -0.13322594295296525 = 0, 2: 1*x_2_0 + -0.3078330109284862 = 0}",0.6092031280000043,2,"{3: 1*x_3_0 + -0.13322594295296525 = 0, 2: 1*x_2_0 + -0.3078330109284862 = 0}",1.0300905709999881,2,"{2: 1*x_2_0 + -0.3078330109284862 = 0, 3: 1*x_3_0 + -0.13322594295296525 = 0}",0.4274821250000116,2
-0.1736739476359004,-1.281972426831575,0.7058929388532527,1.053536733088581,2,2,"{1: 1*x_1_0 + 1.281972426831575 = 0, 2: 1*x_2_0 + -0.7058929388532527 = 0, 3: 1*x_3_0 + -1.053536733088581 = 0}",0.0905775559999995,3,"{0: 1*x_0_0 + 0.1736739476359004 = 0, 2: 1*x_2_0 + -0.7058929388532527 = 0, 3: 1*x_3_0 + -1.053536733088581 = 0}",0.09102562000000347,3,"{2: 1*x_2_0 + -0.7058929388532527 = 0, 1: 1*x_1_0 + 1.281972426831575 = 0, 3: 1*x_3_0 + -1.053536733088581 = 0}",0.28120759600000156,3,"{2: 1*x_2_0 + -0.7058929388532527 = 0, 1: 1*x_1_0 + 1.281972426831575 = 0, 3: 1*x_3_0 + -1.053536733088581 = 0}",0.46533927100000483,3,"{1: 1*x_1_0 + 1.281972426831575 = 0, 2: 1*x_2_0 + -0.7058929388532527 = 0, 3: 1*x_3_0 + -1.053536733088581 = 0}",0.3870073159999947,3
-0.4160096885232032,2.651877980413329,-1.3412724047598317,-1.3129767272601454,0,0,"{1: 1*x_1_0 + -2.651877980413329 = 0, 3: 1*x_3_0 + 1.3129767272601454 = 0}",0.07370308899999856,2,"{3: 1*x_3_0 + 1.3129767272601454 = 0, 1: 1*x_1_0 + -2.651877980413329 = 0}",0.0726753759999994,2,"{3: 1*x_3_0 + 1.3129767272601454 = 0, 1: 1*x_1_0 + -2.651877980413329 = 0}",0.24786482099999319,2,"{0: 1*x_0_0 + 0.4160096885232032 = 0, 3: 1*x_3_0 + 1.3129767272601454 = 0}",0.3988507789999858,2,"{1: 1*x_1_0 + -2.651877980413329 = 0, 3: 1*x_3_0 + 1.3129767272601454 = 0}",0.17234193500001993,2
0.18982966369505322,-0.12495760117130933,0.5921615308747479,0.7905907930498337,2,2,"{1: 1*x_1_0 + 0.12495760117130933 = 0, 2: 1*x_2_0 + -0.5921615308747479 = 0, 3: 1*x_3_0 + -0.7905907930498337 = 0}",0.09092377500000026,3,"{3: 1*x_3_0 + -0.7905907930498337 = 0, 2: 1*x_2_0 + -0.5921615308747479 = 0, 1: 1*x_1_0 + 0.12495760117130933 = 0}",0.09393549499999665,3,"{1: 1*x_1_0 + 0.12495760117130933 = 0, 2: 1*x_2_0 + -0.5921615308747479 = 0, 3: 1*x_3_0 + -0.7905907930498337 = 0}",0.2891825620000077,3,"{2: 1*x_2_0 + -0.5921615308747479 = 0, 3: 1*x_3_0 + -0.7905907930498337 = 0, 1: 1*x_1_0 + 0.12495760117130933 = 0}",0.47608571699998947,3,"{1: 1*x_1_0 + 0.12495760117130933 = 0, 2: 1*x_2_0 + -0.5921615308747479 = 0, 3: 1*x_3_0 + -0.7905907930498337 = 0}",0.4218198910000126,3
-0.05250607719224957,-0.8191664965674684,0.7627586428425048,0.9220637630692072,2,2,"{1: 1*x_1_0 + 0.8191664965674684 = 0, 2: 1*x_2_0 + -0.7627586428425048 = 0, 3: 1*x_3_0 + -0.9220637630692072 = 0}",0.0897601409999993,3,"{3: 1*x_3_0 + -0.9220637630692072 = 0, 1: 1*x_1_0 + 0.8191664965674684 = 0, 2: 1*x_2_0 + -0.7627586428425048 = 0}",0.09369958199999928,3,"{3: 1*x_3_0 + -0.9220637630692072 = 0, 2: 1*x_2_0 + -0.7627586428425048 = 0, 0: 1*x_0_0 + 0.05250607719224957 = 0}",0.27450141199999223,3,"{2: 1*x_2_0 + -0.7627586428425048 = 0, 3: 1*x_3_0 + -0.9220637630692072 = 0, 0: 1*x_0_0 + 0.05250607719224957 = 0}",0.4924444049999863,3,"{1: 1*x_1_0 + 0.8191664965674684 = 0, 2: 1*x_2_0 + -0.7627586428425048 = 0, 3: 1*x_3_0 + -0.9220637630692072 = 0}",0.4170351569999866,3
0.18982966369505322,-1.9761813222277342,0.13723589896072927,-0.2611929671051558,1,1,"{2: 1*x_2_0 + -0.13723589896072927 = 0, 3: 1*x_3_0 + 0.2611929671051558 = 0}",0.20201234700000015,2,"{2: 1*x_2_0 + -0.13723589896072927 = 0, 3: 1*x_3_0 + 0.2611929671051558 = 0}",0.2144627529999994,2,"{2: 1*x_2_0 + -0.13723589896072927 = 0, 1: 1*x_1_0 + 1.9761813222277342 = 0, 0: 1*x_0_0 + -0.18982966369505322 = 0}",0.33300803699999904,3,"{2: 1*x_2_0 + -0.13723589896072927 = 0, 3: 1*x_3_0 + 0.2611929671051558 = 0}",0.793546488000004,2,"{2: 1*x_2_0 + -0.13723589896072927 = 0, 3: 1*x_3_0 + 0.2611929671051558 = 0}",0.4493518430000165,2
-0.537177558966854,-0.12495760117130933,0.421564418906991,0.3961718829917126,1,1,"{2: 1*x_2_0 + -0.421564418906991 = 0, 3: 1*x_3_0 + -0.3961718829917126 = 0}",0.20022513199999992,2,"{3: 1*x_3_0 + -0.3961718829917126 = 0, 0: 1*x_0_0 + 0.537177558966854 = 0}",0.08491299300000321,2,"{3: 1*x_3_0 + -0.3961718829917126 = 0, 0: 1*x_0_0 + 0.537177558966854 = 0}",0.3853965339999945,2,"{3: 1*x_3_0 + -0.3961718829917126 = 0, 0: 1*x_0_0 + 0.537177558966854 = 0}",0.8054343320000044,2,"{2: 1*x_2_0 + -0.421564418906991 = 0, 3: 1*x_3_0 + -0.3961718829917126 = 0}",0.43596701399999915,2
0.432165404582356,0.8006542593569032,0.9333557548102622,1.4479556431467018,2,2,"{1: 1*x_1_0 + -0.8006542593569032 = 0, 2: 1*x_2_0 + -0.9333557548102622 = 0, 3: 1*x_3_0 + -1.4479556431467018 = 0}",0.09054582799999977,3,"{0: 1*x_0_0 + -0.432165404582356 = 0, 3: 1*x_3_0 + -1.4479556431467018 = 0}",0.0844557560000041,2,"{0: 1*x_0_0 + -0.432165404582356 = 0, 3: 1*x_3_0 + -1.4479556431467018 = 0}",0.273104067999995,2,"{3: 1*x_3_0 + -1.4479556431467018 = 0, 0: 1*x_0_0 + -0.432165404582356 = 0}",0.4678721669999959,2,"{0: 1*x_0_0 + -0.432165404582356 = 0, 3: 1*x_3_0 + -1.4479556431467018 = 0}",0.3222152969999854,2
-0.4160096885232032,-1.7447783570956819,0.13723589896072927,0.13322594295296525,1,1,"{2: 1*x_2_0 + -0.13723589896072927 = 0, 3: 1*x_3_0 + -0.13322594295296525 = 0}",0.20080034699999771,2,"{1: 1*x_1_0 + 1.7447783570956819 = 0, 0: 1*x_0_0 + 0.4160096885232032 = 0, 3: 1*x_3_0 + -0.13322594295296525 = 0}",0.09361639799999466,3,"{3: 1*x_3_0 + -0.13322594295296525 = 0, 2: 1*x_2_0 + -0.13723589896072927 = 0}",0.5249887549999954,2,"{3: 1*x_3_0 + -0.13322594295296525 = 0, 2: 1*x_2_0 + -0.13723589896072927 = 0}",0.8311471849999919,2,"{2: 1*x_2_0 + -0.13723589896072927 = 0, 3: 1*x_3_0 + -0.13322594295296525 = 0}",0.4406270660000189,2
-0.537177558966854,1.957669085017169,-1.1706752927920747,-1.0500307872213979,0,0,"{1: 1*x_1_0 + -1.957669085017169 = 0, 3: 1*x_3_0 + 1.0500307872213979 = 0}",0.08049871799999764,2,"{3: 1*x_3_0 + 1.0500307872213979 = 0, 0: 1*x_0_0 + 0.537177558966854 = 0}",0.0956372409999986,2,"{3: 1*x_3_0 + 1.0500307872213979 = 0, 1: 1*x_1_0 + -1.957669085017169 = 0}",0.2733909720000014,2,"{1: 1*x_1_0 + -1.957669085017169 = 0, 3: 1*x_3_0 + 1.0500307872213979 = 0}",0.4687182860000121,2,"{1: 1*x_1_0 + -1.957669085017169 = 0, 3: 1*x_3_0 + 1.0500307872213979 = 0}",0.1658029689999978,2
-1.0218490407414595,-1.7447783570956819,-0.2608240289640372,-0.2611929671051558,1,1,"{2: 1*x_2_0 + 0.2608240289640372 = 0, 3: 1*x_3_0 + 0.2611929671051558 = 0}",0.1842201320000001,2,"{3: 1*x_3_0 + 0.2611929671051558 = 0, 2: 1*x_2_0 + 0.2608240289640372 = 0}",0.18722814099999852,2,"{2: 1*x_2_0 + 0.2608240289640372 = 0, 0: 1*x_0_0 + 1.0218490407414595 = 0}",0.49212359099999503,2,"{0: 1*x_0_0 + 1.0218490407414595 = 0, 2: 1*x_2_0 + 0.2608240289640372 = 0}",0.8969647860000123,2,"{0: 1*x_0_0 + 1.0218490407414595 = 0, 2: 1*x_2_0 + 0.2608240289640372 = 0}",0.26841289600000096,2
0.6745011454696588,-0.8191664965674684,0.8764900508210096,0.9220637630692072,2,2,"{1: 1*x_1_0 + 0.8191664965674684 = 0, 2: 1*x_2_0 + -0.8764900508210096 = 0, 3: 1*x_3_0 + -0.9220637630692072 = 0}",0.09088702500000068,3,"{1: 1*x_1_0 + 0.8191664965674684 = 0, 2: 1*x_2_0 + -0.8764900508210096 = 0, 3: 1*x_3_0 + -0.9220637630692072 = 0}",0.08752029899999769,3,"{2: 1*x_2_0 + -0.8764900508210096 = 0, 3: 1*x_3_0 + -0.9220637630692072 = 0, 1: 1*x_1_0 + 0.8191664965674684 = 0}",0.2811124849999942,3,"{1: 1*x_1_0 + 0.8191664965674684 = 0, 2: 1*x_2_0 + -0.8764900508210096 = 0, 3: 1*x_3_0 + -0.9220637630692072 = 0}",0.4779273200000205,3,"{1: 1*x_1_0 + 0.8191664965674684 = 0, 2: 1*x_2_0 + -0.8764900508210096 = 0, 3: 1*x_3_0 + -0.9220637630692072 = 0}",0.43959387699999297,3
-1.0218490407414595,0.5692512942248498,-1.3412724047598317,-1.3129767272601454,0,0,"{1: 1*x_1_0 + -0.5692512942248498 = 0, 3: 1*x_3_0 + 1.3129767272601454 = 0}",0.082003555,2,"{3: 1*x_3_0 + 1.3129767272601454 = 0, 1: 1*x_1_0 + -0.5692512942248498 = 0}",0.0832064589999959,2,"{3: 1*x_3_0 + 1.3129767272601454 = 0, 0: 1*x_0_0 + 1.0218490407414595 = 0}",0.2601441000000051,2,"{1: 1*x_1_0 + -0.5692512942248498 = 0, 3: 1*x_3_0 + 1.3129767272601454 = 0}",0.44075939300000755,2,"{1: 1*x_1_0 + -0.5692512942248498 = 0, 3: 1*x_3_0 + 1.3129767272601454 = 0}",0.1844740559999991,2
-1.0218490407414595,0.3378483290927974,-1.4550038127383365,-1.3129767272601454,0,0,"{1: 1*x_1_0 + -0.3378483290927974 = 0, 3: 1*x_3_0 + 1.3129767272601454 = 0}",0.08136507800000103,2,"{3: 1*x_3_0 + 1.3129767272601454 = 0, 0: 1*x_0_0 + 1.0218490407414595 = 0}",0.08244164899999618,2,"{0: 1*x_0_0 + 1.0218490407414595 = 0, 3: 1*x_3_0 + 1.3129767272601454 = 0}",0.25697660000000155,2,"{3: 1*x_3_0 + 1.3129767272601454 = 0, 1: 1*x_1_0 + -0.3378483290927974 = 0}",0.4341607140000008,2,"{1: 1*x_1_0 + -0.3378483290927974 = 0, 3: 1*x_3_0 + 1.3129767272601454 = 0}",0.18543353000001161,2
-0.4160096885232032,-1.5133753919636286,0.023504490982224492,-0.12971999708578205,1,1,"{2: 1*x_2_0 + -0.023504490982224492 = 0, 3: 1*x_3_0 + 0.12971999708578205 = 0}",0.19629525399999892,2,"{2: 1*x_2_0 + -0.023504490982224492 = 0, 3: 1*x_3_0 + 0.12971999708578205 = 0}",0.20037933300000077,2,"{2: 1*x_2_0 + -0.023504490982224492 = 0, 3: 1*x_3_0 + 0.12971999708578205 = 0}",0.5212372670000036,2,"{3: 1*x_3_0 + 0.12971999708578205 = 0, 2: 1*x_2_0 + -0.023504490982224492 = 0}",0.7313430620000076,2,"{2: 1*x_2_0 + -0.023504490982224492 = 0, 3: 1*x_3_0 + 0.12971999708578205 = 0}",0.4257583140000065,2
1.0380047568006125,-0.12495760117130933,0.7058929388532527,0.6591178230304598,1,1,"{2: 1*x_2_0 + -0.7058929388532527 = 0, 3: 1*x_3_0 + -0.6591178230304598 = 0}",0.19083467700000156,2,"{3: 1*x_3_0 + -0.6591178230304598 = 0, 2: 1*x_2_0 + -0.7058929388532527 = 0}",0.17390592000000282,2,"{2: 1*x_2_0 + -0.7058929388532527 = 0, 3: 1*x_3_0 + -0.6591178230304598 = 0}",0.5516646919999886,2,"{3: 1*x_3_0 + -0.6591178230304598 = 0, 2: 1*x_2_0 + -0.7058929388532527 = 0}",0.6496706050000114,2,"{2: 1*x_2_0 + -0.7058929388532527 = 0, 3: 1*x_3_0 + -0.6591178230304598 = 0}",0.40984983900000316,2
-1.1430169111851105,0.10644536396074403,-1.2844067007705793,-1.4444496972795189,0,0,"{1: 1*x_1_0 + -0.10644536396074403 = 0, 3: 1*x_3_0 + 1.4444496972795189 = 0}",0.08377454599999723,2,"{0: 1*x_0_0 + 1.1430169111851105 = 0, 3: 1*x_3_0 + 1.4444496972795189 = 0}",0.10166372799999834,2,"{3: 1*x_3_0 + 1.4444496972795189 = 0, 0: 1*x_0_0 + 1.1430169111851105 = 0}",0.25650053600000433,2,"{1: 1*x_1_0 + -0.10644536396074403 = 0, 3: 1*x_3_0 + 1.4444496972795189 = 0}",0.4309977519999961,2,"{1: 1*x_1_0 + -0.10644536396074403 = 0, 3: 1*x_3_0 + 1.4444496972795189 = 0}",0.18199917999999116,2
-0.05250607719224957,-0.587763531435416,0.7627586428425048,1.5794286131660755,2,2,"{1: 1*x_1_0 + 0.587763531435416 = 0, 2: 1*x_2_0 + -0.7627586428425048 = 0, 3: 1*x_3_0 + -1.5794286131660755 = 0}",0.09383038700000057,3,"{0: 1*x_0_0 + 0.05250607719224957 = 0, 3: 1*x_3_0 + -1.5794286131660755 = 0}",0.09121080299999562,2,"{3: 1*x_3_0 + -1.5794286131660755 = 0, 0: 1*x_0_0 + 0.05250607719224957 = 0}",0.23443208199999788,2,"{3: 1*x_3_0 + -1.5794286131660755 = 0, 0: 1*x_0_0 + 0.05250607719224957 = 0}",0.42592197099997975,2,"{0: 1*x_0_0 + 0.05250607719224957 = 0, 3: 1*x_3_0 + -1.5794286131660755 = 0}",0.31831779799998117,2
-1.0218490407414595,0.8006542593569032,-1.2844067007705793,-1.3129767272601454,0,0,"{1: 1*x_1_0 + -0.8006542593569032 = 0, 3: 1*x_3_0 + 1.3129767272601454 = 0}",0.08282952700000124,2,"{1: 1*x_1_0 + -0.8006542593569032 = 0, 3: 1*x_3_0 + 1.3129767272601454 = 0}",0.09170171499999924,2,"{1: 1*x_1_0 + -0.8006542593569032 = 0, 3: 1*x_3_0 + 1.3129767272601454 = 0}",0.25728088900000046,2,"{1: 1*x_1_0 + -0.8006542593569032 = 0, 3: 1*x_3_0 + 1.3129767272601454 = 0}",0.4268297529999927,2,"{1: 1*x_1_0 + -0.8006542593569032 = 0, 3: 1*x_3_0 + 1.3129767272601454 = 0}",0.17875664700000016,2
-1.0218490407414595,1.0320572244889565,-1.2275409967813269,-0.7870848471826506,0,0,"{1: 1*x_1_0 + -1.0320572244889565 = 0, 2: 1*x_2_0 + 1.2275409967813269 = 0, 3: 1*x_3_0 + 0.7870848471826506 = 0}",0.09305898800000278,3,"{3: 1*x_3_0 + 0.7870848471826506 = 0, 1: 1*x_1_0 + -1.0320572244889565 = 0, 2: 1*x_2_0 + 1.2275409967813269 = 0}",0.09876870900000512,3,"{3: 1*x_3_0 + 0.7870848471826506 = 0, 1: 1*x_1_0 + -1.0320572244889565 = 0, 0: 1*x_0_0 + 1.0218490407414595 = 0}",0.2857690470000023,3,"{2: 1*x_2_0 + 1.2275409967813269 = 0, 3: 1*x_3_0 + 0.7870848471826506 = 0, 1: 1*x_1_0 + -1.0320572244889565 = 0}",0.47741355199997315,3,"{0: 1*x_0_0 + 1.0218490407414595 = 0, 1: 1*x_1_0 + -1.0320572244889565 = 0, 3: 1*x_3_0 + 0.7870848471826506 = 0}",0.33963445599999886,3
0.06866179325140237,0.3378483290927974,0.5921615308747479,0.7905907930498337,1,1,"{2: 1*x_2_0 + -0.5921615308747479 = 0, 3: 1*x_3_0 + -0.7905907930498337 = 0}",0.12801383500000085,2,"{2: 1*x_2_0 + -0.5921615308747479 = 0, 3: 1*x_3_0 + -0.7905907930498337 = 0}",0.12929851100000178,2,"{3: 1*x_3_0 + -0.7905907930498337 = 0, 0: 1*x_0_0 + -0.06866179325140237 = 0}",0.2639326629999914,2,"{3: 1*x_3_0 + -0.7905907930498337 = 0, 2: 1*x_2_0 + -0.5921615308747479 = 0}",0.5672531310000011,2,"{2: 1*x_2_0 + -0.5921615308747479 = 0, 3: 1*x_3_0 + -0.7905907930498337 = 0}",0.3382148119999897,2
-0.9006811702978088,-1.281972426831575,-0.4314211409317941,-0.12971999708578205,1,1,"{2: 1*x_2_0 + 0.4314211409317941 = 0, 3: 1*x_3_0 + 0.12971999708578205 = 0}",0.10767915299999942,2,"{3: 1*x_3_0 + 0.12971999708578205 = 0, 2: 1*x_2_0 + 0.4314211409317941 = 0}",0.10458947000000052,2,"{2: 1*x_2_0 + 0.4314211409317941 = 0, 3: 1*x_3_0 + 0.12971999708578205 = 0}",0.3304620819999968,2,"{2: 1*x_2_0 + 0.4314211409317941 = 0, 0: 1*x_0_0 + 0.9006811702978088 = 0}",0.5718752129999984,2,"{0: 1*x_0_0 + 0.9006811702978088 = 0, 2: 1*x_2_0 + 0.4314211409317941 = 0}",0.2181494460000124,2
1.2803404976879151,0.3378483290927974,1.1039528667780192,1.4479556431467018,2,2,"{1: 1*x_1_0 + -0.3378483290927974 = 0, 2: 1*x_2_0 + -1.1039528667780192 = 0, 3: 1*x_3_0 + -1.4479556431467018 = 0}",0.09296120700000188,3,"{3: 1*x_3_0 + -1.4479556431467018 = 0, 2: 1*x_2_0 + -1.1039528667780192 = 0, 1: 1*x_1_0 + -0.3378483290927974 = 0}",0.09260654599999896,3,"{1: 1*x_1_0 + -0.3378483290927974 = 0, 3: 1*x_3_0 + -1.4479556431467018 = 0, 2: 1*x_2_0 + -1.1039528667780192 = 0}",0.2824592630000069,3,"{1: 1*x_1_0 + -0.3378483290927974 = 0, 3: 1*x_3_0 + -1.4479556431467018 = 0, 2: 1*x_2_0 + -1.1039528667780192 = 0}",0.47958864800000356,3,"{0: 1*x_0_0 + -1.2803404976879151 = 0, 1: 1*x_1_0 + -0.3378483290927974 = 0, 3: 1*x_3_0 + -1.4479556431467018 = 0}",0.32168116099998656,3
0.18982966369505322,-0.8191664965674684,0.7627586428425048,0.5276448530110863,1,2,"{1: 1*x_1_0 + 0.8191664965674684 = 0, 2: 1*x_2_0 + -0.7627586428425048 = 0, 3: 1*x_3_0 + -0.5276448530110863 = 0}",0.09191738199999833,3,"{2: 1*x_2_0 + -0.7627586428425048 = 0, 1: 1*x_1_0 + 0.8191664965674684 = 0, 3: 1*x_3_0 + -0.5276448530110863 = 0}",0.09580359699999974,3,"{2: 1*x_2_0 + -0.7627586428425048 = 0, 1: 1*x_1_0 + 0.8191664965674684 = 0, 3: 1*x_3_0 + -0.5276448530110863 = 0}",0.29621034100000543,3,"{2: 1*x_2_0 + -0.7627586428425048 = 0, 1: 1*x_1_0 + 0.8191664965674684 = 0, 3: 1*x_3_0 + -0.5276448530110863 = 0}",0.4876662309999915,3,"{1: 1*x_1_0 + 0.8191664965674684 = 0, 2: 1*x_2_0 + -0.7627586428425048 = 0, 3: 1*x_3_0 + -0.5276448530110863 = 0}",0.3892278570000087,3
0.31099753413870407,-1.0505694616995218,1.0470871627887666,0.2646989129723388,2,2,"{1: 1*x_1_0 + 1.0505694616995218 = 0, 2: 1*x_2_0 + -1.0470871627887666 = 0, 3: 1*x_3_0 + -0.2646989129723388 = 0}",0.0911106590000017,3,"{1: 1*x_1_0 + 1.0505694616995218 = 0, 2: 1*x_2_0 + -1.0470871627887666 = 0, 3: 1*x_3_0 + -0.2646989129723388 = 0}",0.09337222599999961,3,"{2: 1*x_2_0 + -1.0470871627887666 = 0, 3: 1*x_3_0 + -0.2646989129723388 = 0, 1: 1*x_1_0 + 1.0505694616995218 = 0}",0.2889826239999991,3,"{1: 1*x_1_0 + 1.0505694616995218 = 0, 3: 1*x_3_0 + -0.2646989129723388 = 0, 2: 1*x_2_0 + -1.0470871627887666 = 0}",0.4822497080000119,3,"{1: 1*x_1_0 + 1.0505694616995218 = 0, 2: 1*x_2_0 + -1.0470871627887666 = 0, 3: 1*x_3_0 + -0.2646989129723388 = 0}",0.3958086519999995,3
2.2496834612371255,-0.12495760117130933,1.3314156827350283,1.4479556431467018,2,2,"{1: 1*x_1_0 + 0.12495760117130933 = 0, 2: 1*x_2_0 + -1.3314156827350283 = 0, 3: 1*x_3_0 + -1.4479556431467018 = 0}",0.08929539100000028,3,"{3: 1*x_3_0 + -1.4479556431467018 = 0, 1: 1*x_1_0 + 0.12495760117130933 = 0, 2: 1*x_2_0 + -1.3314156827350283 = 0}",0.08875542700000238,3,"{2: 1*x_2_0 + -1.3314156827350283 = 0, 3: 1*x_3_0 + -1.4479556431467018 = 0, 0: 1*x_0_0 + -2.2496834612371255 = 0}",0.27700635399999385,3,"{2: 1*x_2_0 + -1.3314156827350283 = 0, 1: 1*x_1_0 + 0.12495760117130933 = 0, 3: 1*x_3_0 + -1.4479556431467018 = 0}",0.4629406699999947,3,"{1: 1*x_1_0 + 0.12495760117130933 = 0, 2: 1*x_2_0 + -1.3314156827350283 = 0, 3: 1*x_3_0 + -1.4479556431467018 = 0}",0.3885765459999959,3
-0.4160096885232032,-1.281972426831575,0.13723589896072927,0.13322594295296525,1,1,"{2: 1*x_2_0 + -0.13723589896072927 = 0, 3: 1*x_3_0 + -0.13322594295296525 = 0}",0.20080168300000167,2,"{2: 1*x_2_0 + -0.13723589896072927 = 0, 3: 1*x_3_0 + -0.13322594295296525 = 0}",0.20294223899999508,2,"{2: 1*x_2_0 + -0.13723589896072927 = 0, 3: 1*x_3_0 + -0.13322594295296525 = 0}",0.6320193990000007,2,"{2: 1*x_2_0 + -0.13723589896072927 = 0, 3: 1*x_3_0 + -0.13322594295296525 = 0}",1.0585589389999939,2,"{2: 1*x_2_0 + -0.13723589896072927 = 0, 3: 1*x_3_0 + -0.13322594295296525 = 0}",0.4066671500000041,2
-1.7488562634033669,-0.3563605663033627,-1.3412724047598317,-1.3129767272601454,0,0,"{1: 1*x_1_0 + 0.3563605663033627 = 0, 3: 1*x_3_0 + 1.3129767272601454 = 0}",0.09550602399999875,2,"{3: 1*x_3_0 + 1.3129767272601454 = 0, 1: 1*x_1_0 + 0.3563605663033627 = 0}",0.09823741299999966,2,"{1: 1*x_1_0 + 0.3563605663033627 = 0, 3: 1*x_3_0 + 1.3129767272601454 = 0}",0.3003957370000023,2,"{1: 1*x_1_0 + 0.3563605663033627 = 0, 3: 1*x_3_0 + 1.3129767272601454 = 0}",0.4851139779999869,2,"{1: 1*x_1_0 + 0.3563605663033627 = 0, 3: 1*x_3_0 + 1.3129767272601454 = 0}",0.1800065790000076,2
-1.870024133847019,-0.12495760117130933,-1.5118695167275886,-1.4444496972795189,0,0,"{1: 1*x_1_0 + 0.12495760117130933 = 0, 3: 1*x_3_0 + 1.4444496972795189 = 0}",0.08837557900000093,2,"{3: 1*x_3_0 + 1.4444496972795189 = 0, 1: 1*x_1_0 + 0.12495760117130933 = 0}",0.08110660500000222,2,"{3: 1*x_3_0 + 1.4444496972795189 = 0, 0: 1*x_0_0 + 1.870024133847019 = 0}",0.2583756200000096,2,"{3: 1*x_3_0 + 1.4444496972795189 = 0, 0: 1*x_0_0 + 1.870024133847019 = 0}",0.42324009899999737,2,"{1: 1*x_1_0 + 0.12495760117130933 = 0, 3: 1*x_3_0 + 1.4444496972795189 = 0}",0.16312292300000308,2
0.18982966369505322,-1.9761813222277342,0.7058929388532527,0.3961718829917126,2,2,"{1: 1*x_1_0 + 1.9761813222277342 = 0, 2: 1*x_2_0 + -0.7058929388532527 = 0, 3: 1*x_3_0 + -0.3961718829917126 = 0}",0.09046185200000068,3,"{3: 1*x_3_0 + -0.3961718829917126 = 0, 2: 1*x_2_0 + -0.7058929388532527 = 0, 1: 1*x_1_0 + 1.9761813222277342 = 0}",0.09714791500000075,3,"{1: 1*x_1_0 + 1.9761813222277342 = 0, 3: 1*x_3_0 + -0.3961718829917126 = 0, 2: 1*x_2_0 + -0.7058929388532527 = 0}",0.29977023099999656,3,"{3: 1*x_3_0 + -0.3961718829917126 = 0, 1: 1*x_1_0 + 1.9761813222277342 = 0, 2: 1*x_2_0 + -0.7058929388532527 = 0}",0.484946769000004,3,"{1: 1*x_1_0 + 1.9761813222277342 = 0, 2: 1*x_2_0 + -0.7058929388532527 = 0, 3: 1*x_3_0 + -0.3961718829917126 = 0}",0.3944059420000201,3
1.643844109018869,0.3378483290927974,1.2745499787457761,0.7905907930498337,2,2,"{1: 1*x_1_0 + -0.3378483290927974 = 0, 2: 1*x_2_0 + -1.2745499787457761 = 0, 3: 1*x_3_0 + -0.7905907930498337 = 0}",0.09001449800000216,3,"{1: 1*x_1_0 + -0.3378483290927974 = 0, 3: 1*x_3_0 + -0.7905907930498337 = 0, 2: 1*x_2_0 + -1.2745499787457761 = 0}",0.10778562400000169,3,"{2: 1*x_2_0 + -1.2745499787457761 = 0, 3: 1*x_3_0 + -0.7905907930498337 = 0, 1: 1*x_1_0 + -0.3378483290927974 = 0}",0.30071273299999746,3,"{1: 1*x_1_0 + -0.3378483290927974 = 0, 2: 1*x_2_0 + -1.2745499787457761 = 0, 3: 1*x_3_0 + -0.7905907930498337 = 0}",0.4831206660000191,3,"{1: 1*x_1_0 + -0.3378483290927974 = 0, 2: 1*x_2_0 + -1.2745499787457761 = 0, 3: 1*x_3_0 + -0.7905907930498337 = 0}",0.39920943800001396,3
-1.5065205225160652,0.10644536396074403,-1.2844067007705793,-1.3129767272601454,0,0,"{1: 1*x_1_0 + -0.10644536396074403 = 0, 3: 1*x_3_0 + 1.3129767272601454 = 0}",0.08673165100000091,2,"{1: 1*x_1_0 + -0.10644536396074403 = 0, 3: 1*x_3_0 + 1.3129767272601454 = 0}",0.10155393400000179,2,"{3: 1*x_3_0 + 1.3129767272601454 = 0, 1: 1*x_1_0 + -0.10644536396074403 = 0}",0.2707418970000077,2,"{3: 1*x_3_0 + 1.3129767272601454 = 0, 0: 1*x_0_0 + 1.5065205225160652 = 0}",0.4465129240000181,2,"{1: 1*x_1_0 + -0.10644536396074403 = 0, 3: 1*x_3_0 + 1.3129767272601454 = 0}",0.17287403000000268,2
-0.9006811702978088,1.0320572244889565,-1.3412724047598317,-1.1815037572407716,0,0,"{1: 1*x_1_0 + -1.0320572244889565 = 0, 3: 1*x_3_0 + 1.1815037572407716 = 0}",0.09027407499999995,2,"{3: 1*x_3_0 + 1.1815037572407716 = 0, 1: 1*x_1_0 + -1.0320572244889565 = 0}",0.09468172400000441,2,"{3: 1*x_3_0 + 1.1815037572407716 = 0, 0: 1*x_0_0 + 0.9006811702978088 = 0}",0.2798329349999875,2,"{3: 1*x_3_0 + 1.1815037572407716 = 0, 0: 1*x_0_0 + 0.9006811702978088 = 0}",0.4625162869999997,2,"{1: 1*x_1_0 + -1.0320572244889565 = 0, 3: 1*x_3_0 + 1.1815037572407716 = 0}",0.1759601489999909,2
-1.7488562634033669,-0.12495760117130933,-1.3981381087490838,-1.3129767272601454,0,0,"{1: 1*x_1_0 + 0.12495760117130933 = 0, 3: 1*x_3_0 + 1.3129767272601454 = 0}",0.10426507100000038,2,"{3: 1*x_3_0 + 1.3129767272601454 = 0, 0: 1*x_0_0 + 1.7488562634033669 = 0}",0.09412514499999958,2,"{3: 1*x_3_0 + 1.3129767272601454 = 0, 1: 1*x_1_0 + 0.12495760117130933 = 0}",0.3052921889999993,2,"{3: 1*x_3_0 + 1.3129767272601454 = 0, 0: 1*x_0_0 + 1.7488562634033669 = 0}",0.4997296429999949,2,"{1: 1*x_1_0 + 0.12495760117130933 = 0, 3: 1*x_3_0 + 1.3129767272601454 = 0}",0.1954137390000028,2
0.5533332750260068,-1.281972426831575,0.6490272348640006,0.3961718829917126,1,1,"{1: 1*x_1_0 + 1.281972426831575 = 0, 2: 1*x_2_0 + -0.6490272348640006 = 0, 3: 1*x_3_0 + -0.3961718829917126 = 0}",0.09206780899999956,3,"{1: 1*x_1_0 + 1.281972426831575 = 0, 3: 1*x_3_0 + -0.3961718829917126 = 0, 2: 1*x_2_0 + -0.6490272348640006 = 0}",0.09877479000000022,3,"{3: 1*x_3_0 + -0.3961718829917126 = 0, 2: 1*x_2_0 + -0.6490272348640006 = 0, 0: 1*x_0_0 + -0.5533332750260068 = 0}",0.28856616699999904,3,"{3: 1*x_3_0 + -0.3961718829917126 = 0, 2: 1*x_2_0 + -0.6490272348640006 = 0, 0: 1*x_0_0 + -0.5533332750260068 = 0}",0.4852712340000096,3,"{1: 1*x_1_0 + 1.281972426831575 = 0, 2: 1*x_2_0 + -0.6490272348640006 = 0, 3: 1*x_3_0 + -0.3961718829917126 = 0}",0.40319239500001913,3
0.5533332750260068,0.8006542593569032,1.0470871627887666,1.5794286131660755,2,2,"{1: 1*x_1_0 + -0.8006542593569032 = 0, 2: 1*x_2_0 + -1.0470871627887666 = 0, 3: 1*x_3_0 + -1.5794286131660755 = 0}",0.09068638499999793,3,"{3: 1*x_3_0 + -1.5794286131660755 = 0, 2: 1*x_2_0 + -1.0470871627887666 = 0, 1: 1*x_1_0 + -0.8006542593569032 = 0}",0.09858895499999676,3,"{3: 1*x_3_0 + -1.5794286131660755 = 0, 0: 1*x_0_0 + -0.5533332750260068 = 0}",0.23290888200000381,2,"{3: 1*x_3_0 + -1.5794286131660755 = 0, 0: 1*x_0_0 + -0.5533332750260068 = 0}",0.39320556100000204,2,"{0: 1*x_0_0 + -0.5533332750260068 = 0, 3: 1*x_3_0 + -1.5794286131660755 = 0}",0.3086604080000086,2
-1.5065205225160652,0.8006542593569032,-1.3412724047598317,-1.1815037572407716,0,0,"{1: 1*x_1_0 + -0.8006542593569032 = 0, 3: 1*x_3_0 + 1.1815037572407716 = 0}",0.08514886600000082,2,"{3: 1*x_3_0 + 1.1815037572407716 = 0, 1: 1*x_1_0 + -0.8006542593569032 = 0}",0.09336685200000261,2,"{1: 1*x_1_0 + -0.8006542593569032 = 0, 3: 1*x_3_0 + 1.1815037572407716 = 0}",0.28449371500001064,2,"{3: 1*x_3_0 + 1.1815037572407716 = 0, 1: 1*x_1_0 + -0.8006542593569032 = 0}",0.6428411570000208,2,"{1: 1*x_1_0 + -0.8006542593569032 = 0, 3: 1*x_3_0 + 1.1815037572407716 = 0}",0.16975289299998053,2
1.1591726272442633,-0.12495760117130933,0.9902214587995144,1.1850097031079547,2,2,"{1: 1*x_1_0 + 0.12495760117130933 = 0, 2: 1*x_2_0 + -0.9902214587995144 = 0, 3: 1*x_3_0 + -1.1850097031079547 = 0}",0.09167379000000153,3,"{3: 1*x_3_0 + -1.1850097031079547 = 0, 2: 1*x_2_0 + -0.9902214587995144 = 0, 1: 1*x_1_0 + 0.12495760117130933 = 0}",0.09759012399999989,3,"{0: 1*x_0_0 + -1.1591726272442633 = 0, 2: 1*x_2_0 + -0.9902214587995144 = 0, 3: 1*x_3_0 + -1.1850097031079547 = 0}",0.2935913339999985,3,"{3: 1*x_3_0 + -1.1850097031079547 = 0, 0: 1*x_0_0 + -1.1591726272442633 = 0, 2: 1*x_2_0 + -0.9902214587995144 = 0}",0.4831267779999848,3,"{1: 1*x_1_0 + 0.12495760117130933 = 0, 2: 1*x_2_0 + -0.9902214587995144 = 0, 3: 1*x_3_0 + -1.1850097031079547 = 0}",0.40051800000000526,3
0.5533332750260068,0.5692512942248498,1.2745499787457761,1.7109015831854495,2,2,"{1: 1*x_1_0 + -0.5692512942248498 = 0, 3: 1*x_3_0 + -1.7109015831854495 = 0}",0.08510129800000144,2,"{3: 1*x_3_0 + -1.7109015831854495 = 0, 0: 1*x_0_0 + -0.5533332750260068 = 0}",0.08000630899999805,2,"{1: 1*x_1_0 + -0.5692512942248498 = 0, 3: 1*x_3_0 + -1.7109015831854495 = 0}",0.259451191999986,2,"{1: 1*x_1_0 + -0.5692512942248498 = 0, 3: 1*x_3_0 + -1.7109015831854495 = 0}",0.42428584699999305,2,"{1: 1*x_1_0 + -0.5692512942248498 = 0, 3: 1*x_3_0 + -1.7109015831854495 = 0}",0.16914324499998656,2
-1.3853526520724133,0.3378483290927974,-1.3981381087490838,-1.3129767272601454,0,0,"{1: 1*x_1_0 + -0.3378483290927974 = 0, 3: 1*x_3_0 + 1.3129767272601454 = 0}",0.0830808879999978,2,"{3: 1*x_3_0 + 1.3129767272601454 = 0, 0: 1*x_0_0 + 1.3853526520724133 = 0}",0.08658037800000074,2,"{3: 1*x_3_0 + 1.3129767272601454 = 0, 1: 1*x_1_0 + -0.3378483290927974 = 0}",0.2584015819999905,2,"{1: 1*x_1_0 + -0.3378483290927974 = 0, 3: 1*x_3_0 + 1.3129767272601454 = 0}",0.4269719259999931,2,"{1: 1*x_1_0 + -0.3378483290927974 = 0, 3: 1*x_3_0 + 1.3129767272601454 = 0}",0.1665042380000159,2
0.31099753413870407,-0.3563605663033627,0.5352958268854958,0.2646989129723388,1,1,"{1: 1*x_1_0 + 0.3563605663033627 = 0, 2: 1*x_2_0 + -0.5352958268854958 = 0, 3: 1*x_3_0 + -0.2646989129723388 = 0}",0.09383913499999963,3,"{3: 1*x_3_0 + -0.2646989129723388 = 0, 1: 1*x_1_0 + 0.3563605663033627 = 0, 2: 1*x_2_0 + -0.5352958268854958 = 0}",0.1005138199999962,3,"{3: 1*x_3_0 + -0.2646989129723388 = 0, 0: 1*x_0_0 + -0.31099753413870407 = 0, 2: 1*x_2_0 + -0.5352958268854958 = 0}",0.3100126089999975,3,"{0: 1*x_0_0 + -0.31099753413870407 = 0, 2: 1*x_2_0 + -0.5352958268854958 = 0, 3: 1*x_3_0 + -0.2646989129723388 = 0}",0.5172542259999773,3,"{1: 1*x_1_0 + 0.3563605663033627 = 0, 2: 1*x_2_0 + -0.5352958268854958 = 0, 3: 1*x_3_0 + -0.2646989129723388 = 0}",0.40584139200001346,3
0.7956690159133096,-0.587763531435416,0.47843012289624315,0.3961718829917126,1,1,"{2: 1*x_2_0 + -0.47843012289624315 = 0, 3: 1*x_3_0 + -0.3961718829917126 = 0}",0.1974206969999983,2,"{2: 1*x_2_0 + -0.47843012289624315 = 0, 3: 1*x_3_0 + -0.3961718829917126 = 0}",0.20825065700000067,2,"{2: 1*x_2_0 + -0.47843012289624315 = 0, 3: 1*x_3_0 + -0.3961718829917126 = 0}",0.5375270619999952,2,"{2: 1*x_2_0 + -0.47843012289624315 = 0, 3: 1*x_3_0 + -0.3961718829917126 = 0}",0.9518208019999861,2,"{2: 1*x_2_0 + -0.47843012289624315 = 0, 3: 1*x_3_0 + -0.3961718829917126 = 0}",0.40011065699999904,2
0.432165404582356,-0.587763531435416,0.5921615308747479,0.7905907930498337,2,2,"{1: 1*x_1_0 + 0.587763531435416 = 0, 2: 1*x_2_0 + -0.5921615308747479 = 0, 3: 1*x_3_0 + -0.7905907930498337 = 0}",0.0905815909999994,3,"{2: 1*x_2_0 + -0.5921615308747479 = 0, 1: 1*x_1_0 + 0.587763531435416 = 0, 3: 1*x_3_0 + -0.7905907930498337 = 0}",0.09967139899999466,3,"{1: 1*x_1_0 + 0.587763531435416 = 0, 2: 1*x_2_0 + -0.5921615308747479 = 0, 3: 1*x_3_0 + -0.7905907930498337 = 0}",0.29373473200000433,3,"{2: 1*x_2_0 + -0.5921615308747479 = 0, 1: 1*x_1_0 + 0.587763531435416 = 0, 3: 1*x_3_0 + -0.7905907930498337 = 0}",0.49249365399998624,3,"{1: 1*x_1_0 + 0.587763531435416 = 0, 2: 1*x_2_0 + -0.5921615308747479 = 0, 3: 1*x_3_0 + -0.7905907930498337 = 0}",0.39531055399999104,3
1.401508368131566,0.3378483290927974,0.5352958268854958,0.2646989129723388,1,1,"{1: 1*x_1_0 + -0.3378483290927974 = 0, 2: 1*x_2_0 + -0.5352958268854958 = 0, 3: 1*x_3_0 + -0.2646989129723388 = 0}",0.09142635899999974,3,"{3: 1*x_3_0 + -0.2646989129723388 = 0, 0: 1*x_0_0 + -1.401508368131566 = 0, 2: 1*x_2_0 + -0.5352958268854958 = 0}",0.0965329459999964,3,"{2: 1*x_2_0 + -0.5352958268854958 = 0, 0: 1*x_0_0 + -1.401508368131566 = 0, 1: 1*x_1_0 + -0.3378483290927974 = 0}",0.356292517,3,"{2: 1*x_2_0 + -0.5352958268854958 = 0, 1: 1*x_1_0 + -0.3378483290927974 = 0, 0: 1*x_0_0 + -1.401508368131566 = 0}",0.5593708140000047,3,"{0: 1*x_0_0 + -1.401508368131566 = 0, 1: 1*x_1_0 + -0.3378483290927974 = 0, 2: 1*x_2_0 + -0.5352958268854958 = 0}",0.38435647800000083,3
0.6745011454696588,0.3378483290927974,0.8764900508210096,1.4479556431467018,2,2,"{1: 1*x_1_0 + -0.3378483290927974 = 0, 2: 1*x_2_0 + -0.8764900508210096 = 0, 3: 1*x_3_0 + -1.4479556431467018 = 0}",0.09161345899999773,3,"{0: 1*x_0_0 + -0.6745011454696588 = 0, 3: 1*x_3_0 + -1.4479556431467018 = 0}",0.09005159800000229,2,"{3: 1*x_3_0 + -1.4479556431467018 = 0, 0: 1*x_0_0 + -0.6745011454696588 = 0}",0.260894983,2,"{0: 1*x_0_0 + -0.6745011454696588 = 0, 3: 1*x_3_0 + -1.4479556431467018 = 0}",0.44555803900001933,2,"{0: 1*x_0_0 + -0.6745011454696588 = 0, 3: 1*x_3_0 + -1.4479556431467018 = 0}",0.3147941579999838,2
-0.9006811702978088,1.7262661198851155,-1.2275409967813269,-1.3129767272601454,0,0,"{1: 1*x_1_0 + -1.7262661198851155 = 0, 3: 1*x_3_0 + 1.3129767272601454 = 0}",0.07263966499999697,2,"{3: 1*x_3_0 + 1.3129767272601454 = 0, 1: 1*x_1_0 + -1.7262661198851155 = 0}",0.07699633299999675,2,"{3: 1*x_3_0 + 1.3129767272601454 = 0, 0: 1*x_0_0 + 0.9006811702978088 = 0}",0.23945610500000214,2,"{3: 1*x_3_0 + 1.3129767272601454 = 0, 0: 1*x_0_0 + 0.9006811702978088 = 0}",0.43493947399997523,2,"{1: 1*x_1_0 + -1.7262661198851155 = 0, 3: 1*x_3_0 + 1.3129767272601454 = 0}",0.15556252799999015,2
1.2803404976879151,0.10644536396074403,0.9333557548102622,1.1850097031079547,2,2,"{1: 1*x_1_0 + -0.10644536396074403 = 0, 2: 1*x_2_0 + -0.9333557548102622 = 0, 3: 1*x_3_0 + -1.1850097031079547 = 0}",0.09199925600000114,3,"{2: 1*x_2_0 + -0.9333557548102622 = 0, 1: 1*x_1_0 + -0.10644536396074403 = 0, 3: 1*x_3_0 + -1.1850097031079547 = 0}",0.09541924399999857,3,"{1: 1*x_1_0 + -0.10644536396074403 = 0, 3: 1*x_3_0 + -1.1850097031079547 = 0, 2: 1*x_2_0 + -0.9333557548102622 = 0}",0.2750120429999896,3,"{2: 1*x_2_0 + -0.9333557548102622 = 0, 3: 1*x_3_0 + -1.1850097031079547 = 0, 1: 1*x_1_0 + -0.10644536396074403 = 0}",0.48940621400001305,3,"{1: 1*x_1_0 + -0.10644536396074403 = 0, 2: 1*x_2_0 + -0.9333557548102622 = 0, 3: 1*x_3_0 + -1.1850097031079547 = 0}",0.3951274619999765,3
0.06866179325140237,-0.12495760117130933,0.2509673069392341,0.3961718829917126,1,1,"{2: 1*x_2_0 + -0.2509673069392341 = 0, 3: 1*x_3_0 + -0.3961718829917126 = 0}",0.1545877570000016,2,"{3: 1*x_3_0 + -0.3961718829917126 = 0, 2: 1*x_2_0 + -0.2509673069392341 = 0}",0.12134324099999816,2,"{3: 1*x_3_0 + -0.3961718829917126 = 0, 2: 1*x_2_0 + -0.2509673069392341 = 0}",0.3760486519999944,2,"{2: 1*x_2_0 + -0.2509673069392341 = 0, 3: 1*x_3_0 + -0.3961718829917126 = 0}",0.6977214470000206,2,"{2: 1*x_2_0 + -0.2509673069392341 = 0, 3: 1*x_3_0 + -0.3961718829917126 = 0}",0.35520869900000207,2
0.7956690159133096,-0.12495760117130933,0.8196243468317574,1.053536733088581,2,2,"{1: 1*x_1_0 + 0.12495760117130933 = 0, 2: 1*x_2_0 + -0.8196243468317574 = 0, 3: 1*x_3_0 + -1.053536733088581 = 0}",0.09006530799999979,3,"{1: 1*x_1_0 + 0.12495760117130933 = 0, 2: 1*x_2_0 + -0.8196243468317574 = 0, 3: 1*x_3_0 + -1.053536733088581 = 0}",0.10081642000000102,3,"{2: 1*x_2_0 + -0.8196243468317574 = 0, 1: 1*x_1_0 + 0.12495760117130933 = 0, 3: 1*x_3_0 + -1.053536733088581 = 0}",0.27520198999999934,3,"{3: 1*x_3_0 + -1.053536733088581 = 0, 1: 1*x_1_0 + 0.12495760117130933 = 0, 2: 1*x_2_0 + -0.8196243468317574 = 0}",0.5230156480000119,3,"{1: 1*x_1_0 + 0.12495760117130933 = 0, 2: 1*x_2_0 + -0.8196243468317574 = 0, 3: 1*x_3_0 + -1.053536733088581 = 0}",0.3946846019999839,3
-0.1736739476359004,-1.0505694616995218,-0.14709262098553244,-0.2611929671051558,1,1,"{2: 1*x_2_0 + 0.14709262098553244 = 0, 3: 1*x_3_0 + 0.2611929671051558 = 0}",0.20397869900000032,2,"{2: 1*x_2_0 + 0.14709262098553244 = 0, 0: 1*x_0_0 + 0.1736739476359004 = 0}",0.15298475799999522,2,"{2: 1*x_2_0 + 0.14709262098553244 = 0, 3: 1*x_3_0 + 0.2611929671051558 = 0}",0.6480656860000096,2,"{2: 1*x_2_0 + 0.14709262098553244 = 0, 0: 1*x_0_0 + 0.1736739476359004 = 0}",1.0286587939999947,2,"{0: 1*x_0_0 + 0.1736739476359004 = 0, 2: 1*x_2_0 + 0.14709262098553244 = 0}",0.2377574319999951,2
-0.7795132998541568,-0.8191664965674684,0.08037019497147688,0.2646989129723388,1,1,"{2: 1*x_2_0 + -0.08037019497147688 = 0, 3: 1*x_3_0 + -0.2646989129723388 = 0}",0.12725148200000191,2,"{3: 1*x_3_0 + -0.2646989129723388 = 0, 2: 1*x_2_0 + -0.08037019497147688 = 0}",0.1360269089999946,2,"{3: 1*x_3_0 + -0.2646989129723388 = 0, 0: 1*x_0_0 + 0.7795132998541568 = 0}",0.3130052859999921,2,"{3: 1*x_3_0 + -0.2646989129723388 = 0, 0: 1*x_0_0 + 0.7795132998541568 = 0}",0.5370433070000047,2,"{2: 1*x_2_0 + -0.08037019497147688 = 0, 3: 1*x_3_0 + -0.2646989129723388 = 0}",0.3285008989999767,2
0.31099753413870407,-0.12495760117130933,0.47843012289624315,0.2646989129723388,1,1,"{1: 1*x_1_0 + 0.12495760117130933 = 0, 2: 1*x_2_0 + -0.47843012289624315 = 0, 3: 1*x_3_0 + -0.2646989129723388 = 0}",0.09255310600000044,3,"{2: 1*x_2_0 + -0.47843012289624315 = 0, 1: 1*x_1_0 + 0.12495760117130933 = 0, 3: 1*x_3_0 + -0.2646989129723388 = 0}",0.10218867499999362,3,"{1: 1*x_1_0 + 0.12495760117130933 = 0, 2: 1*x_2_0 + -0.47843012289624315 = 0, 3: 1*x_3_0 + -0.2646989129723388 = 0}",0.29877564999999606,3,"{3: 1*x_3_0 + -0.2646989129723388 = 0, 2: 1*x_2_0 + -0.47843012289624315 = 0, 1: 1*x_1_0 + 0.12495760117130933 = 0}",0.514616875999991,3,"{1: 1*x_1_0 + 0.12495760117130933 = 0, 2: 1*x_2_0 + -0.47843012289624315 = 0, 3: 1*x_3_0 + -0.2646989129723388 = 0}",0.4011266680000176,3
-1.6276883929597161,-1.7447783570956819,-1.3981381087490838,-1.1815037572407716,0,0,"{1: 1*x_1_0 + 1.7447783570956819 = 0, 2: 1*x_2_0 + 1.3981381087490838 = 0, 3: 1*x_3_0 + 1.1815037572407716 = 0}",0.08979715999999982,3,"{3: 1*x_3_0 + 1.1815037572407716 = 0, 2: 1*x_2_0 + 1.3981381087490838 = 0, 1: 1*x_1_0 + 1.7447783570956819 = 0}",0.09782614499999909,3,"{0: 1*x_0_0 + 1.6276883929597161 = 0, 3: 1*x_3_0 + 1.1815037572407716 = 0}",0.4800535090000011,2,"{3: 1*x_3_0 + 1.1815037572407716 = 0, 0: 1*x_0_0 + 1.6276883929597161 = 0}",0.5769578709999905,2,"{0: 1*x_0_0 + 1.6276883929597161 = 0, 3: 1*x_3_0 + 1.1815037572407716 = 0}",0.4160128070000155,2
0.9168368863569605,-0.3563605663033627,0.47843012289624315,0.13322594295296525,1,1,"{1: 1*x_1_0 + 0.3563605663033627 = 0, 2: 1*x_2_0 + -0.47843012289624315 = 0, 3: 1*x_3_0 + -0.13322594295296525 = 0}",0.092041076000001,3,"{1: 1*x_1_0 + 0.3563605663033627 = 0, 3: 1*x_3_0 + -0.13322594295296525 = 0, 2: 1*x_2_0 + -0.47843012289624315 = 0}",0.10156409100000019,3,"{1: 1*x_1_0 + 0.3563605663033627 = 0, 2: 1*x_2_0 + -0.47843012289624315 = 0, 3: 1*x_3_0 + -0.13322594295296525 = 0}",0.2973266540000026,3,"{2: 1*x_2_0 + -0.47843012289624315 = 0, 1: 1*x_1_0 + 0.3563605663033627 = 0, 0: 1*x_0_0 + -0.9168368863569605 = 0}",0.5717382450000059,3,"{0: 1*x_0_0 + -0.9168368863569605 = 0, 1: 1*x_1_0 + 0.3563605663033627 = 0, 2: 1*x_2_0 + -0.47843012289624315 = 0}",0.385795322000007,3
-0.4160096885232032,-1.0505694616995218,0.36469871491773886,0.001752972933591456,1,1,"{2: 1*x_2_0 + -0.36469871491773886 = 0, 3: 1*x_3_0 + -0.001752972933591456 = 0}",0.2017462469999991,2,"{2: 1*x_2_0 + -0.36469871491773886 = 0, 3: 1*x_3_0 + -0.001752972933591456 = 0}",0.20979448099999587,2,"{3: 1*x_3_0 + -0.001752972933591456 = 0, 2: 1*x_2_0 + -0.36469871491773886 = 0}",0.6375112329999979,2,"{3: 1*x_3_0 + -0.001752972933591456 = 0, 2: 1*x_2_0 + -0.36469871491773886 = 0}",1.0758726469999829,2,"{2: 1*x_2_0 + -0.36469871491773886 = 0, 3: 1*x_3_0 + -0.001752972933591456 = 0}",0.4090896650000104,2
-0.658345429410506,1.494863154753063,-1.2844067007705793,-1.3129767272601454,0,0,"{1: 1*x_1_0 + -1.494863154753063 = 0, 3: 1*x_3_0 + 1.3129767272601454 = 0}",0.0721795390000004,2,"{3: 1*x_3_0 + 1.3129767272601454 = 0, 0: 1*x_0_0 + 0.658345429410506 = 0}",0.0896405989999991,2,"{3: 1*x_3_0 + 1.3129767272601454 = 0, 1: 1*x_1_0 + -1.494863154753063 = 0}",0.2484233180000075,2,"{3: 1*x_3_0 + 1.3129767272601454 = 0, 0: 1*x_0_0 + 0.658345429410506 = 0}",0.43043108800000596,2,"{1: 1*x_1_0 + -1.494863154753063 = 0, 3: 1*x_3_0 + 1.3129767272601454 = 0}",0.156434226999977,2
-0.29484181807955234,-0.12495760117130933,0.1941016029499814,0.13322594295296525,1,1,"{2: 1*x_2_0 + -0.1941016029499814 = 0, 3: 1*x_3_0 + -0.13322594295296525 = 0}",0.20822676499999915,2,"{2: 1*x_2_0 + -0.1941016029499814 = 0, 3: 1*x_3_0 + -0.13322594295296525 = 0}",0.21060574900000262,2,"{2: 1*x_2_0 + -0.1941016029499814 = 0, 3: 1*x_3_0 + -0.13322594295296525 = 0}",0.6165314210000048,2,"{3: 1*x_3_0 + -0.13322594295296525 = 0, 2: 1*x_2_0 + -0.1941016029499814 = 0}",1.0481296750000126,2,"{2: 1*x_2_0 + -0.1941016029499814 = 0, 3: 1*x_3_0 + -0.13322594295296525 = 0}",0.4031169689999956,2
1.7650119794625196,-0.3563605663033627,1.445147090713533,0.7905907930498337,2,2,"{1: 1*x_1_0 + 0.3563605663033627 = 0, 2: 1*x_2_0 + -1.445147090713533 = 0, 3: 1*x_3_0 + -0.7905907930498337 = 0}",0.09209506999999917,3,"{3: 1*x_3_0 + -0.7905907930498337 = 0, 2: 1*x_2_0 + -1.445147090713533 = 0, 1: 1*x_1_0 + 0.3563605663033627 = 0}",0.09756829900000241,3,"{1: 1*x_1_0 + 0.3563605663033627 = 0, 2: 1*x_2_0 + -1.445147090713533 = 0, 3: 1*x_3_0 + -0.7905907930498337 = 0}",0.286609734999999,3,"{3: 1*x_3_0 + -0.7905907930498337 = 0, 1: 1*x_1_0 + 0.3563605663033627 = 0, 2: 1*x_2_0 + -1.445147090713533 = 0}",0.49099152599998774,3,"{1: 1*x_1_0 + 0.3563605663033627 = 0, 2: 1*x_2_0 + -1.445147090713533 = 0, 3: 1*x_3_0 + -0.7905907930498337 = 0}",0.401309327000007,3
1.0380047568006125,0.5692512942248498,1.1039528667780192,1.1850097031079547,2,2,"{1: 1*x_1_0 + -0.5692512942248498 = 0, 2: 1*x_2_0 + -1.1039528667780192 = 0, 3: 1*x_3_0 + -1.1850097031079547 = 0}",0.09364811599999712,3,"{3: 1*x_3_0 + -1.1850097031079547 = 0, 2: 1*x_2_0 + -1.1039528667780192 = 0, 1: 1*x_1_0 + -0.5692512942248498 = 0}",0.09496754900000326,3,"{3: 1*x_3_0 + -1.1850097031079547 = 0, 0: 1*x_0_0 + -1.0380047568006125 = 0, 2: 1*x_2_0 + -1.1039528667780192 = 0}",0.28942613200000267,3,"{3: 1*x_3_0 + -1.1850097031079547 = 0, 2: 1*x_2_0 + -1.1039528667780192 = 0, 0: 1*x_0_0 + -1.0380047568006125 = 0}",0.47266524500000173,3,"{1: 1*x_1_0 + -0.5692512942248498 = 0, 2: 1*x_2_0 + -1.1039528667780192 = 0, 3: 1*x_3_0 + -1.1850097031079547 = 0}",0.3920619029999841,3
-0.9006811702978088,1.494863154753063,-1.2844067007705793,-1.0500307872213979,0,0,"{1: 1*x_1_0 + -1.494863154753063 = 0, 3: 1*x_3_0 + 1.0500307872213979 = 0}",0.08603001299999846,2,"{0: 1*x_0_0 + 0.9006811702978088 = 0, 3: 1*x_3_0 + 1.0500307872213979 = 0}",0.15119830399999756,2,"{3: 1*x_3_0 + 1.0500307872213979 = 0, 0: 1*x_0_0 + 0.9006811702978088 = 0}",0.3865120039999965,2,"{3: 1*x_3_0 + 1.0500307872213979 = 0, 1: 1*x_1_0 + -1.494863154753063 = 0}",0.5050446299999862,2,"{1: 1*x_1_0 + -1.494863154753063 = 0, 3: 1*x_3_0 + 1.0500307872213979 = 0}",0.16970578600000863,2
-1.1430169111851105,-1.5133753919636286,-0.2608240289640372,-0.2611929671051558,1,1,"{2: 1*x_2_0 + 0.2608240289640372 = 0, 3: 1*x_3_0 + 0.2611929671051558 = 0}",0.18732799100000008,2,"{2: 1*x_2_0 + 0.2608240289640372 = 0, 3: 1*x_3_0 + 0.2611929671051558 = 0}",0.1933051259999985,2,"{2: 1*x_2_0 + 0.2608240289640372 = 0, 3: 1*x_3_0 + 0.2611929671051558 = 0}",0.5797263249999958,2,"{2: 1*x_2_0 + 0.2608240289640372 = 0, 3: 1*x_3_0 + 0.2611929671051558 = 0}",0.955923523000024,2,"{0: 1*x_0_0 + 1.1430169111851105 = 0, 2: 1*x_2_0 + 0.2608240289640372 = 0}",0.2144509530000107,2
1.0380047568006125,0.5692512942248498,1.1039528667780192,1.7109015831854495,2,2,"{2: 1*x_2_0 + -1.1039528667780192 = 0, 3: 1*x_3_0 + -1.7109015831854495 = 0}",0.08647937699999986,2,"{1: 1*x_1_0 + -0.5692512942248498 = 0, 3: 1*x_3_0 + -1.7109015831854495 = 0}",0.08901309200000185,2,"{3: 1*x_3_0 + -1.7109015831854495 = 0, 0: 1*x_0_0 + -1.0380047568006125 = 0}",0.24973877899999763,2,"{3: 1*x_3_0 + -1.7109015831854495 = 0, 2: 1*x_2_0 + -1.1039528667780192 = 0}",0.46107183999998824,2,"{1: 1*x_1_0 + -0.5692512942248498 = 0, 3: 1*x_3_0 + -1.7109015831854495 = 0}",0.16595096699998635,2
1.643844109018869,-0.12495760117130933,1.1608185707672714,0.5276448530110863,2,2,"{1: 1*x_1_0 + 0.12495760117130933 = 0, 2: 1*x_2_0 + -1.1608185707672714 = 0, 3: 1*x_3_0 + -0.5276448530110863 = 0}",0.09260433200000051,3,"{2: 1*x_2_0 + -1.1608185707672714 = 0, 1: 1*x_1_0 + 0.12495760117130933 = 0, 3: 1*x_3_0 + -0.5276448530110863 = 0}",0.09605799300000228,3,"{1: 1*x_1_0 + 0.12495760117130933 = 0, 2: 1*x_2_0 + -1.1608185707672714 = 0, 3: 1*x_3_0 + -0.5276448530110863 = 0}",0.28949574600000005,3,"{1: 1*x_1_0 + 0.12495760117130933 = 0, 2: 1*x_2_0 + -1.1608185707672714 = 0, 3: 1*x_3_0 + -0.5276448530110863 = 0}",0.5077501499999926,3,"{1: 1*x_1_0 + 0.12495760117130933 = 0, 2: 1*x_2_0 + -1.1608185707672714 = 0, 3: 1*x_3_0 + -0.5276448530110863 = 0}",0.3936293479999904,3
-1.1430169111851105,0.10644536396074403,-1.2844067007705793,-1.4444496972795189,0,0,"{1: 1*x_1_0 + -0.10644536396074403 = 0, 3: 1*x_3_0 + 1.4444496972795189 = 0}",0.08180578099999991,2,"{3: 1*x_3_0 + 1.4444496972795189 = 0, 1: 1*x_1_0 + -0.10644536396074403 = 0}",0.08487717100000225,2,"{0: 1*x_0_0 + 1.1430169111851105 = 0, 3: 1*x_3_0 + 1.4444496972795189 = 0}",0.2579606609999985,2,"{0: 1*x_0_0 + 1.1430169111851105 = 0, 3: 1*x_3_0 + 1.4444496972795189 = 0}",0.44922646300000224,2,"{1: 1*x_1_0 + -0.10644536396074403 = 0, 3: 1*x_3_0 + 1.4444496972795189 = 0}",0.16401573100000633,2
1.0380047568006125,0.10644536396074403,1.0470871627887666,1.5794286131660755,2,2,"{1: 1*x_1_0 + -0.10644536396074403 = 0, 2: 1*x_2_0 + -1.0470871627887666 = 0, 3: 1*x_3_0 + -1.5794286131660755 = 0}",0.09370621000000057,3,"{3: 1*x_3_0 + -1.5794286131660755 = 0, 0: 1*x_0_0 + -1.0380047568006125 = 0}",0.08789669499999775,2,"{0: 1*x_0_0 + -1.0380047568006125 = 0, 3: 1*x_3_0 + -1.5794286131660755 = 0}",0.2718062910000043,2,"{3: 1*x_3_0 + -1.5794286131660755 = 0, 0: 1*x_0_0 + -1.0380047568006125 = 0}",0.4684853750000002,2,"{0: 1*x_0_0 + -1.0380047568006125 = 0, 3: 1*x_3_0 + -1.5794286131660755 = 0}",0.31562843699998666,2
-1.1430169111851105,-0.12495760117130933,-1.3412724047598317,-1.3129767272601454,0,0,"{1: 1*x_1_0 + 0.12495760117130933 = 0, 3: 1*x_3_0 + 1.3129767272601454 = 0}",0.1077015259999996,2,"{0: 1*x_0_0 + 1.1430169111851105 = 0, 3: 1*x_3_0 + 1.3129767272601454 = 0}",0.09272799800000087,2,"{3: 1*x_3_0 + 1.3129767272601454 = 0, 0: 1*x_0_0 + 1.1430169111851105 = 0}",0.27373270400001104,2,"{3: 1*x_3_0 + 1.3129767272601454 = 0, 0: 1*x_0_0 + 1.1430169111851105 = 0}",0.5004837599999803,2,"{1: 1*x_1_0 + 0.12495760117130933 = 0, 3: 1*x_3_0 + 1.3129767272601454 = 0}",0.18633098300000484,2
1.2803404976879151,0.10644536396074403,0.6490272348640006,0.3961718829917126,1,1,"{1: 1*x_1_0 + -0.10644536396074403 = 0, 2: 1*x_2_0 + -0.6490272348640006 = 0, 3: 1*x_3_0 + -0.3961718829917126 = 0}",0.0948863529999997,3,"{1: 1*x_1_0 + -0.10644536396074403 = 0, 2: 1*x_2_0 + -0.6490272348640006 = 0, 3: 1*x_3_0 + -0.3961718829917126 = 0}",0.09705494099999612,3,"{0: 1*x_0_0 + -1.2803404976879151 = 0, 2: 1*x_2_0 + -0.6490272348640006 = 0, 3: 1*x_3_0 + -0.3961718829917126 = 0}",0.3300483239999892,3,"{1: 1*x_1_0 + -0.10644536396074403 = 0, 2: 1*x_2_0 + -0.6490272348640006 = 0, 3: 1*x_3_0 + -0.3961718829917126 = 0}",0.5249534920000087,3,"{0: 1*x_0_0 + -1.2803404976879151 = 0, 1: 1*x_1_0 + -0.10644536396074403 = 0, 2: 1*x_2_0 + -0.6490272348640006 = 0}",0.39317645599999196,3
1.8861798499061717,-0.587763531435416,1.3314156827350283,0.9220637630692072,2,2,"{1: 1*x_1_0 + 0.587763531435416 = 0, 2: 1*x_2_0 + -1.3314156827350283 = 0, 3: 1*x_3_0 + -0.9220637630692072 = 0}",0.09204547899999937,3,"{1: 1*x_1_0 + 0.587763531435416 = 0, 2: 1*x_2_0 + -1.3314156827350283 = 0, 3: 1*x_3_0 + -0.9220637630692072 = 0}",0.09365001099999404,3,"{1: 1*x_1_0 + 0.587763531435416 = 0, 2: 1*x_2_0 + -1.3314156827350283 = 0, 3: 1*x_3_0 + -0.9220637630692072 = 0}",0.2863012539999943,3,"{3: 1*x_3_0 + -0.9220637630692072 = 0, 1: 1*x_1_0 + 0.587763531435416 = 0, 2: 1*x_2_0 + -1.3314156827350283 = 0}",0.509058355999997,3,"{1: 1*x_1_0 + 0.587763531435416 = 0, 2: 1*x_2_0 + -1.3314156827350283 = 0, 3: 1*x_3_0 + -0.9220637630692072 = 0}",0.3972624900000028,3
0.5533332750260068,-0.3563605663033627,1.0470871627887666,0.7905907930498337,2,2,"{1: 1*x_1_0 + 0.3563605663033627 = 0, 2: 1*x_2_0 + -1.0470871627887666 = 0, 3: 1*x_3_0 + -0.7905907930498337 = 0}",0.09131124300000337,3,"{3: 1*x_3_0 + -0.7905907930498337 = 0, 1: 1*x_1_0 + 0.3563605663033627 = 0, 2: 1*x_2_0 + -1.0470871627887666 = 0}",0.09436725900000198,3,"{2: 1*x_2_0 + -1.0470871627887666 = 0, 3: 1*x_3_0 + -0.7905907930498337 = 0, 1: 1*x_1_0 + 0.3563605663033627 = 0}",0.2958898840000046,3,"{1: 1*x_1_0 + 0.3563605663033627 = 0, 2: 1*x_2_0 + -1.0470871627887666 = 0, 3: 1*x_3_0 + -0.7905907930498337 = 0}",0.49559789700001033,3,"{1: 1*x_1_0 + 0.3563605663033627 = 0, 2: 1*x_2_0 + -1.0470871627887666 = 0, 3: 1*x_3_0 + -0.7905907930498337 = 0}",0.3964680980000139,3
-0.1736739476359004,-0.587763531435416,0.1941016029499814,0.13322594295296525,1,1,"{2: 1*x_2_0 + -0.1941016029499814 = 0, 3: 1*x_3_0 + -0.13322594295296525 = 0}",0.1994493850000012,2,"{3: 1*x_3_0 + -0.13322594295296525 = 0, 2: 1*x_2_0 + -0.1941016029499814 = 0}",0.20117696199999813,2,"{3: 1*x_3_0 + -0.13322594295296525 = 0, 2: 1*x_2_0 + -0.1941016029499814 = 0}",0.6351866810000075,2,"{2: 1*x_2_0 + -0.1941016029499814 = 0, 3: 1*x_3_0 + -0.13322594295296525 = 0}",1.0481438460000163,2,"{2: 1*x_2_0 + -0.1941016029499814 = 0, 3: 1*x_3_0 + -0.13322594295296525 = 0}",0.4009705069999825,2
0.7956690159133096,-0.12495760117130933,0.9902214587995144,0.7905907930498337,2,2,"{1: 1*x_1_0 + 0.12495760117130933 = 0, 2: 1*x_2_0 + -0.9902214587995144 = 0, 3: 1*x_3_0 + -0.7905907930498337 = 0}",0.09357802799999959,3,"{3: 1*x_3_0 + -0.7905907930498337 = 0, 1: 1*x_1_0 + 0.12495760117130933 = 0, 2: 1*x_2_0 + -0.9902214587995144 = 0}",0.09821626099999747,3,"{1: 1*x_1_0 + 0.12495760117130933 = 0, 2: 1*x_2_0 + -0.9902214587995144 = 0, 3: 1*x_3_0 + -0.7905907930498337 = 0}",0.2990217150000092,3,"{1: 1*x_1_0 + 0.12495760117130933 = 0, 2: 1*x_2_0 + -0.9902214587995144 = 0, 3: 1*x_3_0 + -0.7905907930498337 = 0}",0.4900112560000025,3,"{1: 1*x_1_0 + 0.12495760117130933 = 0, 2: 1*x_2_0 + -0.9902214587995144 = 0, 3: 1*x_3_0 + -0.7905907930498337 = 0}",0.39728508799998963,3
0.5533332750260068,-1.7447783570956819,0.36469871491773886,0.13322594295296525,1,1,"{2: 1*x_2_0 + -0.36469871491773886 = 0, 3: 1*x_3_0 + -0.13322594295296525 = 0}",0.20235530899999787,2,"{2: 1*x_2_0 + -0.36469871491773886 = 0, 0: 1*x_0_0 + -0.5533332750260068 = 0, 1: 1*x_1_0 + 1.7447783570956819 = 0}",0.11345878800000264,3,"{2: 1*x_2_0 + -0.36469871491773886 = 0, 3: 1*x_3_0 + -0.13322594295296525 = 0}",0.6536560570000063,2,"{2: 1*x_2_0 + -0.36469871491773886 = 0, 3: 1*x_3_0 + -0.13322594295296525 = 0}",0.8937228619999757,2,"{2: 1*x_2_0 + -0.36469871491773886 = 0, 3: 1*x_3_0 + -0.13322594295296525 = 0}",0.40508436499999334,2
0.6745011454696588,-0.3563605663033627,0.3078330109284862,0.13322594295296525,1,1,"{2: 1*x_2_0 + -0.3078330109284862 = 0, 3: 1*x_3_0 + -0.13322594295296525 = 0}",0.19980615600000107,2,"{3: 1*x_3_0 + -0.13322594295296525 = 0, 2: 1*x_2_0 + -0.3078330109284862 = 0}",0.20180209699999807,2,"{2: 1*x_2_0 + -0.3078330109284862 = 0, 3: 1*x_3_0 + -0.13322594295296525 = 0}",0.5151039149999974,2,"{3: 1*x_3_0 + -0.13322594295296525 = 0, 2: 1*x_2_0 + -0.3078330109284862 = 0}",0.9080012929999839,2,"{2: 1*x_2_0 + -0.3078330109284862 = 0, 3: 1*x_3_0 + -0.13322594295296525 = 0}",0.39806427499999586,2
-0.29484181807955234,-0.587763531435416,0.6490272348640006,1.053536733088581,2,2,"{1: 1*x_1_0 + 0.587763531435416 = 0, 2: 1*x_2_0 + -0.6490272348640006 = 0, 3: 1*x_3_0 + -1.053536733088581 = 0}",0.09437471500000072,3,"{2: 1*x_2_0 + -0.6490272348640006 = 0, 3: 1*x_3_0 + -1.053536733088581 = 0, 0: 1*x_0_0 + 0.29484181807955234 = 0}",0.09505670300000446,3,"{0: 1*x_0_0 + 0.29484181807955234 = 0, 3: 1*x_3_0 + -1.053536733088581 = 0, 2: 1*x_2_0 + -0.6490272348640006 = 0}",0.2884482340000005,3,"{3: 1*x_3_0 + -1.053536733088581 = 0, 1: 1*x_1_0 + 0.587763531435416 = 0, 2: 1*x_2_0 + -0.6490272348640006 = 0}",0.48421047900001213,3,"{0: 1*x_0_0 + 0.29484181807955234 = 0, 1: 1*x_1_0 + 0.587763531435416 = 0, 3: 1*x_3_0 + -1.053536733088581 = 0}",0.3406696500000237,3
0.06866179325140237,-0.12495760117130933,0.7627586428425048,0.7905907930498337,2,2,"{1: 1*x_1_0 + 0.12495760117130933 = 0, 2: 1*x_2_0 + -0.7627586428425048 = 0, 3: 1*x_3_0 + -0.7905907930498337 = 0}",0.0938580370000004,3,"{3: 1*x_3_0 + -0.7905907930498337 = 0, 1: 1*x_1_0 + 0.12495760117130933 = 0, 2: 1*x_2_0 + -0.7627586428425048 = 0}",0.09480033399999854,3,"{2: 1*x_2_0 + -0.7627586428425048 = 0, 3: 1*x_3_0 + -0.7905907930498337 = 0, 1: 1*x_1_0 + 0.12495760117130933 = 0}",0.28212459699999215,3,"{3: 1*x_3_0 + -0.7905907930498337 = 0, 1: 1*x_1_0 + 0.12495760117130933 = 0, 2: 1*x_2_0 + -0.7627586428425048 = 0}",0.4803826559999891,3,"{1: 1*x_1_0 + 0.12495760117130933 = 0, 2: 1*x_2_0 + -0.7627586428425048 = 0, 3: 1*x_3_0 + -0.7905907930498337 = 0}",0.3981191579999859,3
-0.537177558966854,0.8006542593569032,-1.1706752927920747,-1.3129767272601454,0,0,"{1: 1*x_1_0 + -0.8006542593569032 = 0, 3: 1*x_3_0 + 1.3129767272601454 = 0}",0.08531901499999961,2,"{3: 1*x_3_0 + 1.3129767272601454 = 0, 0: 1*x_0_0 + 0.537177558966854 = 0}",0.08646259500000042,2,"{3: 1*x_3_0 + 1.3129767272601454 = 0, 0: 1*x_0_0 + 0.537177558966854 = 0}",0.25869843800001036,2,"{3: 1*x_3_0 + 1.3129767272601454 = 0, 0: 1*x_0_0 + 0.537177558966854 = 0}",0.4350910929999827,2,"{1: 1*x_1_0 + -0.8006542593569032 = 0, 3: 1*x_3_0 + 1.3129767272601454 = 0}",0.16704664599998864,2
0.31099753413870407,-0.587763531435416,0.13723589896072927,0.13322594295296525,1,1,"{2: 1*x_2_0 + -0.13723589896072927 = 0, 3: 1*x_3_0 + -0.13322594295296525 = 0}",0.2042693419999999,2,"{2: 1*x_2_0 + -0.13723589896072927 = 0, 3: 1*x_3_0 + -0.13322594295296525 = 0}",0.2073486550000041,2,"{2: 1*x_2_0 + -0.13723589896072927 = 0, 3: 1*x_3_0 + -0.13322594295296525 = 0}",0.5368881790000017,2,"{2: 1*x_2_0 + -0.13723589896072927 = 0, 3: 1*x_3_0 + -0.13322594295296525 = 0}",1.0655700239999817,2,"{2: 1*x_2_0 + -0.13723589896072927 = 0, 3: 1*x_3_0 + -0.13322594295296525 = 0}",0.4090929900000049,2
-1.1430169111851105,-1.281972426831575,0.421564418906991,0.6591178230304598,2,2,"{1: 1*x_1_0 + 1.281972426831575 = 0, 2: 1*x_2_0 + -0.421564418906991 = 0, 3: 1*x_3_0 + -0.6591178230304598 = 0}",0.09561179499999994,3,"{2: 1*x_2_0 + -0.421564418906991 = 0, 3: 1*x_3_0 + -0.6591178230304598 = 0, 0: 1*x_0_0 + 1.1430169111851105 = 0}",0.09746699000000092,3,"{3: 1*x_3_0 + -0.6591178230304598 = 0, 2: 1*x_2_0 + -0.421564418906991 = 0, 0: 1*x_0_0 + 1.1430169111851105 = 0}",0.2866867099999979,3,"{3: 1*x_3_0 + -0.6591178230304598 = 0, 2: 1*x_2_0 + -0.421564418906991 = 0, 0: 1*x_0_0 + 1.1430169111851105 = 0}",0.5038337020000085,3,"{1: 1*x_1_0 + 1.281972426831575 = 0, 2: 1*x_2_0 + -0.421564418906991 = 0, 3: 1*x_3_0 + -0.6591178230304598 = 0}",0.40000763099999403,3
-0.05250607719224957,2.1890720501492225,-1.4550038127383365,-1.3129767272601454,0,0,"{1: 1*x_1_0 + -2.1890720501492225 = 0, 3: 1*x_3_0 + 1.3129767272601454 = 0}",0.07544352000000032,2,"{3: 1*x_3_0 + 1.3129767272601454 = 0, 0: 1*x_0_0 + 0.05250607719224957 = 0}",0.08454873899999882,2,"{1: 1*x_1_0 + -2.1890720501492225 = 0, 3: 1*x_3_0 + 1.3129767272601454 = 0}",0.2358491390000097,2,"{0: 1*x_0_0 + 0.05250607719224957 = 0, 3: 1*x_3_0 + 1.3129767272601454 = 0}",0.42553884000000153,2,"{1: 1*x_1_0 + -2.1890720501492225 = 0, 3: 1*x_3_0 + 1.3129767272601454 = 0}",0.15903232899998443,2
-0.05250607719224957,-1.0505694616995218,0.13723589896072927,0.001752972933591456,1,1,"{2: 1*x_2_0 + -0.13723589896072927 = 0, 3: 1*x_3_0 + -0.001752972933591456 = 0}",0.20941445999999786,2,"{1: 1*x_1_0 + 1.0505694616995218 = 0, 0: 1*x_0_0 + 0.05250607719224957 = 0, 2: 1*x_2_0 + -0.13723589896072927 = 0}",0.11107276399999932,3,"{2: 1*x_2_0 + -0.13723589896072927 = 0, 3: 1*x_3_0 + -0.001752972933591456 = 0}",0.5410286159999913,2,"{3: 1*x_3_0 + -0.001752972933591456 = 0, 2: 1*x_2_0 + -0.13723589896072927 = 0}",1.1165571440000122,2,"{2: 1*x_2_0 + -0.13723589896072927 = 0, 3: 1*x_3_0 + -0.001752972933591456 = 0}",0.41233507900000177,2
1.522676238575217,-0.12495760117130933,1.217684274756524,1.1850097031079547,2,2,"{1: 1*x_1_0 + 0.12495760117130933 = 0, 2: 1*x_2_0 + -1.217684274756524 = 0, 3: 1*x_3_0 + -1.1850097031079547 = 0}",0.09266296399999874,3,"{2: 1*x_2_0 + -1.217684274756524 = 0, 1: 1*x_1_0 + 0.12495760117130933 = 0, 3: 1*x_3_0 + -1.1850097031079547 = 0}",0.09679988000000606,3,"{3: 1*x_3_0 + -1.1850097031079547 = 0, 1: 1*x_1_0 + 0.12495760117130933 = 0, 2: 1*x_2_0 + -1.217684274756524 = 0}",0.2793423009999998,3,"{3: 1*x_3_0 + -1.1850097031079547 = 0, 1: 1*x_1_0 + 0.12495760117130933 = 0, 2: 1*x_2_0 + -1.217684274756524 = 0}",0.49905337199999167,3,"{1: 1*x_1_0 + 0.12495760117130933 = 0, 2: 1*x_2_0 + -1.217684274756524 = 0, 3: 1*x_3_0 + -1.1850097031079547 = 0}",0.4050191139999981,3
